CREATE DATABASE  IF NOT EXISTS `fashionstore` /*!40100 DEFAULT CHARACTER SET utf8mb4 COLLATE utf8mb4_0900_ai_ci */ /*!80016 DEFAULT ENCRYPTION='N' */;
USE `fashionstore`;
-- MySQL dump 10.13  Distrib 8.0.34, for Win64 (x86_64)
--
-- Host: 127.0.0.1    Database: fashionstore
-- ------------------------------------------------------
-- Server version	8.1.0

/*!40101 SET @OLD_CHARACTER_SET_CLIENT=@@CHARACTER_SET_CLIENT */;
/*!40101 SET @OLD_CHARACTER_SET_RESULTS=@@CHARACTER_SET_RESULTS */;
/*!40101 SET @OLD_COLLATION_CONNECTION=@@COLLATION_CONNECTION */;
/*!50503 SET NAMES utf8 */;
/*!40103 SET @OLD_TIME_ZONE=@@TIME_ZONE */;
/*!40103 SET TIME_ZONE='+00:00' */;
/*!40014 SET @OLD_UNIQUE_CHECKS=@@UNIQUE_CHECKS, UNIQUE_CHECKS=0 */;
/*!40014 SET @OLD_FOREIGN_KEY_CHECKS=@@FOREIGN_KEY_CHECKS, FOREIGN_KEY_CHECKS=0 */;
/*!40101 SET @OLD_SQL_MODE=@@SQL_MODE, SQL_MODE='NO_AUTO_VALUE_ON_ZERO' */;
/*!40111 SET @OLD_SQL_NOTES=@@SQL_NOTES, SQL_NOTES=0 */;

--
-- Table structure for table `cart`
--

DROP TABLE IF EXISTS `cart`;
/*!40101 SET @saved_cs_client     = @@character_set_client */;
/*!50503 SET character_set_client = utf8mb4 */;
CREATE TABLE `cart` (
  `id` int NOT NULL AUTO_INCREMENT,
  `count` int NOT NULL,
  `user_id` varchar(255) DEFAULT NULL,
  `product_details_id` int DEFAULT NULL,
  PRIMARY KEY (`id`),
  KEY `FKl70asp4l4w0jmbm1tqyofho4o` (`user_id`),
  KEY `FK_product_dt_ID` (`product_details_id`),
  CONSTRAINT `FK_product_dt_ID` FOREIGN KEY (`product_details_id`) REFERENCES `product_details` (`id`),
  CONSTRAINT `FKl70asp4l4w0jmbm1tqyofho4o` FOREIGN KEY (`user_id`) REFERENCES `user` (`id`)
) ENGINE=InnoDB AUTO_INCREMENT=32 DEFAULT CHARSET=utf8mb4 COLLATE=utf8mb4_0900_ai_ci;
/*!40101 SET character_set_client = @saved_cs_client */;

--
-- Dumping data for table `cart`
--

LOCK TABLES `cart` WRITE;
/*!40000 ALTER TABLE `cart` DISABLE KEYS */;
INSERT INTO `cart` VALUES (30,5,'quanghuy',1),(31,3,'quanghuy',2);
/*!40000 ALTER TABLE `cart` ENABLE KEYS */;
UNLOCK TABLES;

--
-- Table structure for table `category`
--

DROP TABLE IF EXISTS `category`;
/*!40101 SET @saved_cs_client     = @@character_set_client */;
/*!50503 SET character_set_client = utf8mb4 */;
CREATE TABLE `category` (
  `id` int NOT NULL AUTO_INCREMENT,
  `category_name` varchar(1111) CHARACTER SET utf8mb3 COLLATE utf8mb3_general_ci DEFAULT NULL,
  PRIMARY KEY (`id`)
) ENGINE=InnoDB AUTO_INCREMENT=6 DEFAULT CHARSET=utf8mb4 COLLATE=utf8mb4_0900_ai_ci;
/*!40101 SET character_set_client = @saved_cs_client */;

--
-- Dumping data for table `category`
--

LOCK TABLES `category` WRITE;
/*!40000 ALTER TABLE `category` DISABLE KEYS */;
INSERT INTO `category` VALUES (1,'Áo'),(2,'Quần'),(3,'Giày'),(4,'Mũ'),(5,'Kính');
/*!40000 ALTER TABLE `category` ENABLE KEYS */;
UNLOCK TABLES;

--
-- Table structure for table `color`
--

DROP TABLE IF EXISTS `color`;
/*!40101 SET @saved_cs_client     = @@character_set_client */;
/*!50503 SET character_set_client = utf8mb4 */;
CREATE TABLE `color` (
  `id` int NOT NULL AUTO_INCREMENT,
  `str_color` varchar(45) CHARACTER SET utf8mb3 COLLATE utf8mb3_general_ci DEFAULT NULL,
  PRIMARY KEY (`id`)
) ENGINE=InnoDB AUTO_INCREMENT=10 DEFAULT CHARSET=utf8mb4 COLLATE=utf8mb4_0900_ai_ci;
/*!40101 SET character_set_client = @saved_cs_client */;

--
-- Dumping data for table `color`
--

LOCK TABLES `color` WRITE;
/*!40000 ALTER TABLE `color` DISABLE KEYS */;
INSERT INTO `color` VALUES (1,'red'),(2,'blue'),(3,'brown'),(4,'green'),(5,'black'),(6,'yellow'),(7,'pink'),(8,'white'),(9,'gray');
/*!40000 ALTER TABLE `color` ENABLE KEYS */;
UNLOCK TABLES;

--
-- Table structure for table `conversations`
--

DROP TABLE IF EXISTS `conversations`;
/*!40101 SET @saved_cs_client     = @@character_set_client */;
/*!50503 SET character_set_client = utf8mb4 */;
CREATE TABLE `conversations` (
  `id` int NOT NULL AUTO_INCREMENT,
  `message` varchar(11111) NOT NULL,
  `is_user` int DEFAULT NULL,
  `timestamp` datetime DEFAULT CURRENT_TIMESTAMP,
  `user_id` varchar(255) DEFAULT NULL,
  PRIMARY KEY (`id`),
  KEY `user_id` (`user_id`),
  CONSTRAINT `conversations_ibfk_1` FOREIGN KEY (`user_id`) REFERENCES `user` (`id`)
) ENGINE=InnoDB AUTO_INCREMENT=484 DEFAULT CHARSET=utf8mb4 COLLATE=utf8mb4_0900_ai_ci;
/*!40101 SET character_set_client = @saved_cs_client */;

--
-- Dumping data for table `conversations`
--

LOCK TABLES `conversations` WRITE;
/*!40000 ALTER TABLE `conversations` DISABLE KEYS */;
INSERT INTO `conversations` VALUES (249,'Man-Fashion xin chào, tôi có thể giúp gì cho bạn',0,'2023-10-31 15:26:47','quanghuy'),(250,'tôi muốn mua áo màu trắng',1,'2023-10-31 15:27:02','quanghuy'),(251,'Dưới đây là một số mẫu áo màu trắng bạn có thể tham khảo:  <a href=\'http://localhost:8081/findByStringSQL/?stringSQL=SELECT * FROM `fashionstore`.product p WHERE p.id IN ( SELECT DISTINCT pd.product_id FROM `fashionstore`.product_details pd WHERE pd.size = 36)\'> clip vào đây </a>',0,'2023-10-31 15:27:04','quanghuy'),(252,'áo màu trắng',1,'2023-10-31 15:27:25','quanghuy'),(253,'Bạn có thể tham khảo các mẫu áo màu trắng sau đây:  <a href=\'http://localhost:8081/findByStringSQL/?stringSQL=SELECT * FROM `fashionstore`.product p WHERE p.id IN ( SELECT DISTINCT pd.product_id FROM `fashionstore`.product_details pd WHERE pd.size = 36)\'> clip vào đây </a>',0,'2023-10-31 15:27:26','quanghuy'),(254,'tôi muốn mua những đồ có màu trắng',1,'2023-10-31 15:27:45','quanghuy'),(255,'tôi muốn mua áo màu đỏ',1,'2023-11-01 05:41:06','quanghuy'),(256,'tôi muốn mua áo màu đỏ',1,'2023-11-01 05:41:49','quanghuy'),(257,'Dưới đây là một số mẫu áo màu đỏ bạn có thể tham khảo:  <a href=\'http://localhost:8081/findByStringSQL/?stringSQL=SELECT * FROM `fashionstore`.product p WHERE p.id IN ( SELECT DISTINCT pd.product_id FROM `fashionstore`.product_details pd WHERE pd.size = 36)\'> clip vào đây </a>',0,'2023-11-01 05:41:51','quanghuy'),(258,'tôi muốn mua quần',1,'2023-11-01 05:48:37','quanghuy'),(259,'Bạn có thể tham khảo các mẫu quần sau đây: <a href=\'http://localhost:8081/category/2\'> clip vào đây </a> <br> Bạn cho tôi biết thêm về màu sắc để tôi hỗ trợ thêm cho bạn',0,'2023-11-01 05:48:39','quanghuy'),(260,'tôi mua áo màu đỏ',1,'2023-11-01 06:09:58','quanghuy'),(261,'tôi mua áo màu đỏ',1,'2023-11-01 06:11:08','quanghuy'),(262,'tôi mua áo màu đỏ',1,'2023-11-01 06:12:16','quanghuy'),(263,'tôi mua áo màu đỏ',1,'2023-11-01 06:16:17','quanghuy'),(264,'tôi mua áo màu đỏ',1,'2023-11-01 06:18:15','quanghuy'),(265,'tôi mua áo màu đỏ',1,'2023-11-01 06:24:46','quanghuy'),(266,'tôi mua áo màu đỏ',1,'2023-11-01 08:40:39','quanghuy'),(267,'tôi muốn mua áo đỏ',1,'2023-11-01 08:49:37','quanghuy'),(268,'Dưới đây là một số mẫu áo màu đỏ bạn có thể tham khảo:  <a href=\'http://localhost:8081/findColorSize/?category=1&color=1&size=\'> clip vào đây </a> Bạn cho tôi biết thêm về loại sản phẩm để tôi hỗ trợ thêm cho bạn',0,'2023-11-01 08:49:41','quanghuy'),(269,'tôi muốn mua áo đỏ',1,'2023-11-01 17:21:16','quanghuy'),(270,'Chúng tôi có một số mẫu áo màu đỏ đẹp dành cho bạn:  <a href=\'http://localhost:8081/findColorSize/?category=1&color=1&size=\'> clip vào đây </a> Bạn cho tôi biết thêm về loại sản phẩm để tôi hỗ trợ thêm cho bạn',0,'2023-11-01 17:21:18','quanghuy'),(271,'tôi muốn mua áo màu xanh',1,'2023-11-01 17:21:39','quanghuy'),(272,'Bạn có thể tham khảo các mẫu Quần màu xanh lam sau đây:  <a href=\'http://localhost:8081/findColorSize/?category=2&color=2&size=\'> clip vào đây </a> Bạn cho tôi biết thêm về loại sản phẩm để tôi hỗ trợ thêm cho bạn',0,'2023-11-01 17:21:40','quanghuy'),(273,'tôi muốn mua áo màu xanh',1,'2023-11-01 17:23:18','quanghuy'),(274,'Bạn có thể tham khảo các mẫu áo màu xanh lam sau đây:  <a href=\'http://localhost:8081/findColorSize/?category=1&color=2&size=\'> clip vào đây </a> Bạn cho tôi biết thêm về loại sản phẩm để tôi hỗ trợ thêm cho bạn',0,'2023-11-01 17:23:20','quanghuy'),(275,'quần màu xanh',1,'2023-11-01 17:23:39','quanghuy'),(276,'Bạn có thể tham khảo các mẫu Quần màu xanh lam sau đây:  <a href=\'http://localhost:8081/findColorSize/?category=2&color=2&size=\'> clip vào đây </a> Bạn cho tôi biết thêm về loại sản phẩm để tôi hỗ trợ thêm cho bạn',0,'2023-11-01 17:23:40','quanghuy'),(277,'giày màu nâu',1,'2023-11-01 17:23:48','quanghuy'),(278,'Chúng tôi có một số mẫu giày đẹp dành cho bạn: <a href=\'http://localhost:8081/category/3\'> clip vào đây </a> <br> Bạn cho tôi biết thêm về màu sắc để tôi hỗ trợ thêm cho bạn',0,'2023-11-01 17:23:48','quanghuy'),(279,'tôi muốn mua màu đỏ',1,'2023-11-01 17:24:35','quanghuy'),(280,'Dưới đây là một số mẫu có màu đỏ bạn có thể tham khảo:  <a href=\'http://localhost:8081/findColorSize/?color=1&size=\'> clip vào đây </a> <br> Bạn cho tôi biết thêm về loại sản phẩm mà bạn muốn mua là gì để tôi hỗ trợ thêm cho bạn',0,'2023-11-01 17:24:35','quanghuy'),(281,'tôi muốn mua áo',1,'2023-11-01 17:25:01','quanghuy'),(282,'Chúng tôi có một số mẫu áo đẹp dành cho bạn: <a href=\'http://localhost:8081/category/1\'> clip vào đây </a> <br> Bạn cho tôi biết thêm về màu sắc và kích cỡ để tôi hỗ trợ thêm cho bạn',0,'2023-11-01 17:25:02','quanghuy'),(283,'màu đỏ',1,'2023-11-01 17:25:13','quanghuy'),(284,'Dưới đây là một số mẫu có màu đỏ bạn có thể tham khảo:  <a href=\'http://localhost:8081/findColorSize/?color=1&size=\'> clip vào đây </a> <br> Bạn cho tôi biết thêm về loại sản phẩm mà bạn muốn mua là gì để tôi hỗ trợ thêm cho bạn',0,'2023-11-01 17:25:13','quanghuy'),(285,'tôi muốn mua áo',1,'2023-11-01 17:27:16','quanghuy'),(286,'Bạn có thể tham khảo các mẫu áo sau đây:  <a href=\'http://localhost:8081/findColorSize/?category=1&color=1&size=\'> clip vào đây </a> Bạn cho tôi biết thêm về loại sản phẩm để tôi hỗ trợ thêm cho bạn',0,'2023-11-01 17:27:17','quanghuy'),(287,'tôi muốn mua màu đỏ',1,'2023-11-01 17:27:25','quanghuy'),(288,'Dưới đây là một số mẫu có màu đỏ bạn có thể tham khảo:  <a href=\'http://localhost:8081/findColorSize/?category=1&color=1&size=\'> clip vào đây </a> Bạn cho tôi biết thêm về loại sản phẩm để tôi hỗ trợ thêm cho bạn',0,'2023-11-01 17:27:26','quanghuy'),(289,'tôi muốn mua áo',1,'2023-11-01 17:28:25','quanghuy'),(290,'Dưới đây là một số mẫu áo bạn có thể tham khảo:  <a href=\'http://localhost:8081/findColorSize/?category=1&color=1&size=\'> clip vào đây </a> Bạn cho tôi biết thêm về size để tôi hỗ trợ thêm cho bạn',0,'2023-11-01 17:28:26','quanghuy'),(291,'tôi muốn mua áo',1,'2023-11-01 17:31:43','quanghuy'),(292,'Bạn có thể tham khảo các mẫu áo sau đây: <a href=\'http://localhost:8081/category/1\'> clip vào đây </a> <br> Bạn cho tôi biết thêm về màu sắc và kích cỡ để tôi hỗ trợ thêm cho bạn',0,'2023-11-01 17:31:44','quanghuy'),(293,'tôi muốn mua quần',1,'2023-11-01 17:31:55','quanghuy'),(294,'Bạn có thể tham khảo các mẫu quần sau đây: <a href=\'http://localhost:8081/category/2\'> clip vào đây </a> <br> Bạn cho tôi biết thêm về màu sắc để tôi hỗ trợ thêm cho bạn',0,'2023-11-01 17:31:55','quanghuy'),(295,'có màu nâu không',1,'2023-11-01 17:32:03','quanghuy'),(296,'Chúng tôi có một số mẫu Quần màu nâu đẹp dành cho bạn:  <a href=\'http://localhost:8081/findColorSize/?category=2&color=3&size=\'> clip vào đây </a> Bạn cho tôi biết thêm về size để tôi hỗ trợ thêm cho bạn',0,'2023-11-01 17:32:03','quanghuy'),(297,'tôi muốn mua áo',1,'2023-11-01 17:32:20','quanghuy'),(298,'Chúng tôi có một số mẫu áo đẹp dành cho bạn: <a href=\'http://localhost:8081/category/1\'> clip vào đây </a> <br> Bạn cho tôi biết thêm về màu sắc và kích cỡ để tôi hỗ trợ thêm cho bạn',0,'2023-11-01 17:32:21','quanghuy'),(299,'có màu nàu không',1,'2023-11-01 17:32:26','quanghuy'),(300,'Dưới đây là một số mẫu kính bạn có thể tham khảo: <a href=\'http://localhost:8081/category/5\'> clip vào đây </a> <br> Bạn cho tôi biết thêm về màu sắc để tôi hỗ trợ thêm cho bạn',0,'2023-11-01 17:32:27','quanghuy'),(301,'có màu nâu không',1,'2023-11-01 17:32:36','quanghuy'),(302,'Chúng tôi có một số mẫu Quần màu nâu đẹp dành cho bạn:  <a href=\'http://localhost:8081/findColorSize/?category=2&color=3&size=\'> clip vào đây </a> Bạn cho tôi biết thêm về size để tôi hỗ trợ thêm cho bạn',0,'2023-11-01 17:32:36','quanghuy'),(303,'tôi muốn mua áo',1,'2023-11-01 17:32:43','quanghuy'),(304,'Chúng tôi có một số mẫu áo đẹp dành cho bạn: <a href=\'http://localhost:8081/category/1\'> clip vào đây </a> <br> Bạn cho tôi biết thêm về màu sắc và kích cỡ để tôi hỗ trợ thêm cho bạn',0,'2023-11-01 17:32:44','quanghuy'),(305,'có màu nâu không',1,'2023-11-01 17:32:51','quanghuy'),(306,'Bạn có thể tham khảo các mẫu Quần màu nâu sau đây:  <a href=\'http://localhost:8081/findColorSize/?category=2&color=3&size=\'> clip vào đây </a> Bạn cho tôi biết thêm về size để tôi hỗ trợ thêm cho bạn',0,'2023-11-01 17:32:52','quanghuy'),(307,'tôi muốn mua quần',1,'2023-11-01 17:36:23','quanghuy'),(308,'Bạn có thể tham khảo các mẫu quần sau đây: <a href=\'http://localhost:8081/category/2\'> clip vào đây </a> <br> Bạn cho tôi biết thêm về màu sắc để tôi hỗ trợ thêm cho bạn',0,'2023-11-01 17:36:26','quanghuy'),(309,'tôi muốn mua áo',1,'2023-11-01 17:36:30','quanghuy'),(310,'Bạn có thể tham khảo các mẫu áo sau đây: <a href=\'http://localhost:8081/category/1\'> clip vào đây </a> <br> Bạn cho tôi biết thêm về màu sắc và kích cỡ để tôi hỗ trợ thêm cho bạn',0,'2023-11-01 17:36:30','quanghuy'),(311,'áo màu đỏ',1,'2023-11-01 17:36:34','quanghuy'),(312,'Dưới đây là một số mẫu áo màu đỏ bạn có thể tham khảo:  <a href=\'http://localhost:8081/findColorSize/?category=1&color=1&size=\'> clip vào đây </a> Bạn cho tôi biết thêm về size để tôi hỗ trợ thêm cho bạn',0,'2023-11-01 17:36:35','quanghuy'),(313,'tôi muốn mua màu đỏ',1,'2023-11-01 17:36:52','quanghuy'),(314,'Dưới đây là một số mẫu có màu đỏ bạn có thể tham khảo:  <a href=\'http://localhost:8081/findColorSize/?category=1&color=1&size=\'> clip vào đây </a> Bạn cho tôi biết thêm về size để tôi hỗ trợ thêm cho bạn',0,'2023-11-01 17:36:53','quanghuy'),(315,'có quần không',1,'2023-11-01 17:36:56','quanghuy'),(316,'Bạn có thể tham khảo các mẫu quần sau đây: <a href=\'http://localhost:8081/category/2\'> clip vào đây </a> <br> Bạn cho tôi biết thêm về màu sắc để tôi hỗ trợ thêm cho bạn',0,'2023-11-01 17:36:57','quanghuy'),(317,'tôi muốn mua áo',1,'2023-11-01 17:38:24','quanghuy'),(318,'Bạn có thể tham khảo các mẫu áo sau đây: <a href=\'http://localhost:8081/category/1\'> clip vào đây </a> <br> Bạn cho tôi biết thêm về màu sắc và kích cỡ để tôi hỗ trợ thêm cho bạn',0,'2023-11-01 17:38:24','quanghuy'),(319,'áo có màu đỏ',1,'2023-11-01 17:38:31','quanghuy'),(320,'Chúng tôi có một số mẫu áo màu đỏ đẹp dành cho bạn:  <a href=\'http://localhost:8081/findColorSize/?category=1&color=1&size=\'> clip vào đây </a> Bạn cho tôi biết thêm về size để tôi hỗ trợ thêm cho bạn',0,'2023-11-01 17:38:32','quanghuy'),(321,'tôi muốn mua áo',1,'2023-11-01 17:38:38','quanghuy'),(322,'Chúng tôi có một số mẫu áo đẹp dành cho bạn: <a href=\'http://localhost:8081/category/1\'> clip vào đây </a> <br> Bạn cho tôi biết thêm về màu sắc và kích cỡ để tôi hỗ trợ thêm cho bạn',0,'2023-11-01 17:38:39','quanghuy'),(323,'có màu đỏ',1,'2023-11-01 17:38:42','quanghuy'),(324,'Bạn có thể tham khảo các sản phẩm có màu đỏ sau đây:  <a href=\'http://localhost:8081/findColorSize/?category=1&color=1&size=\'> clip vào đây </a> Bạn cho tôi biết thêm về size để tôi hỗ trợ thêm cho bạn',0,'2023-11-01 17:38:43','quanghuy'),(325,'tôi muốn mua áo',1,'2023-11-01 17:39:50','quanghuy'),(326,'Chúng tôi có một số mẫu áo đẹp dành cho bạn: <a href=\'http://localhost:8081/category/1\'> clip vào đây </a> <br> Bạn cho tôi biết thêm về màu sắc và kích cỡ để tôi hỗ trợ thêm cho bạn',0,'2023-11-01 17:39:51','quanghuy'),(327,'có màu đỏ',1,'2023-11-01 17:40:00','quanghuy'),(328,'Chúng tôi có một số mẫu có màu đỏ dành cho bạn:  <a href=\'http://localhost:8081/findColorSize/?category=1&color=1&size=\'> clip vào đây </a> <br> Bạn cho tôi biết thêm về size để tôi hỗ trợ thêm cho bạn',0,'2023-11-01 17:40:01','quanghuy'),(329,'tôi muốn mua quần',1,'2023-11-01 17:40:10','quanghuy'),(330,'Bạn có thể tham khảo các mẫu quần sau đây: <a href=\'http://localhost:8081/category/2\'> clip vào đây </a> <br> Bạn cho tôi biết thêm về màu sắc để tôi hỗ trợ thêm cho bạn',0,'2023-11-01 17:40:11','quanghuy'),(331,'quần có màu vàng',1,'2023-11-01 17:40:19','quanghuy'),(332,'Bạn có thể tham khảo các mẫu Quần màu vàng sau đây:  <a href=\'http://localhost:8081/findColorSize/?category=2&color=6&size=\'> clip vào đây </a> <br> Bạn cho tôi biết thêm về size để tôi hỗ trợ thêm cho bạn',0,'2023-11-01 17:40:20','quanghuy'),(333,'màu xanh',1,'2023-11-01 17:40:29','quanghuy'),(334,'Dưới đây là một số mẫu áo màu xanh lam bạn có thể tham khảo:  <a href=\'http://localhost:8081/findColorSize/?category=2&color=2&size=\'> clip vào đây </a> <br> Bạn cho tôi biết thêm về size để tôi hỗ trợ thêm cho bạn',0,'2023-11-01 17:40:29','quanghuy'),(335,'màu xanh làm',1,'2023-11-01 17:41:56','quanghuy'),(336,'Chúng tôi có một số mẫu áo màu xanh lam đẹp dành cho bạn:  <a href=\'http://localhost:8081/findColorSize/?category=2&color=2&size=\'> clip vào đây </a> <br> Bạn cho tôi biết thêm về size để tôi hỗ trợ thêm cho bạn',0,'2023-11-01 17:41:56','quanghuy'),(337,'màu xanh lam',1,'2023-11-01 17:42:00','quanghuy'),(338,'Bạn có thể tham khảo các mẫu áo màu xanh lam sau đây:  <a href=\'http://localhost:8081/findColorSize/?category=2&color=2&size=\'> clip vào đây </a> <br> Bạn cho tôi biết thêm về size để tôi hỗ trợ thêm cho bạn',0,'2023-11-01 17:42:00','quanghuy'),(339,'màu xanh',1,'2023-11-01 17:42:03','quanghuy'),(340,'Bạn có thể tham khảo các mẫu áo màu xanh lam sau đây:  <a href=\'http://localhost:8081/findColorSize/?category=2&color=2&size=\'> clip vào đây </a> <br> Bạn cho tôi biết thêm về size để tôi hỗ trợ thêm cho bạn',0,'2023-11-01 17:42:04','quanghuy'),(341,'tôi muốn mua áo',1,'2023-11-01 17:45:45','quanghuy'),(342,'Chúng tôi có một số mẫu áo đẹp dành cho bạn: <a href=\'http://localhost:8081/category/1\'> clip vào đây </a> <br> Bạn cho tôi biết thêm về màu sắc và kích cỡ để tôi hỗ trợ thêm cho bạn',0,'2023-11-01 17:45:47','quanghuy'),(343,'áo màu đỏ',1,'2023-11-01 17:46:00','quanghuy'),(344,'Bạn có thể tham khảo các mẫu áo màu đỏ sau đây:  <a href=\'http://localhost:8081/findColorSize/?category=1&color=1&size=\'> clip vào đây </a> <br> Bạn cho tôi biết thêm về size để tôi hỗ trợ thêm cho bạn',0,'2023-11-01 17:46:01','quanghuy'),(345,'màu vàng',1,'2023-11-01 17:46:09','quanghuy'),(346,'Bạn có thể tham khảo các sản phẩm có màu vàng sau đây:  <a href=\'http://localhost:8081/findColorSize/?category=1&color=6&size=\'> clip vào đây </a> <br> Bạn cho tôi biết thêm về size để tôi hỗ trợ thêm cho bạn',0,'2023-11-01 17:46:10','quanghuy'),(347,'tôi muốn tìm kiếm quần',1,'2023-11-01 17:46:27','quanghuy'),(348,'Bạn có thể tham khảo các mẫu quần sau đây: <a href=\'http://localhost:8081/category/2\'> clip vào đây </a> <br> Bạn cho tôi biết thêm về màu sắc để tôi hỗ trợ thêm cho bạn',0,'2023-11-01 17:46:27','quanghuy'),(349,'có màu vàng không',1,'2023-11-01 17:46:33','quanghuy'),(350,'Chúng tôi có một số mẫu có màu vàng dành cho bạn:  <a href=\'http://localhost:8081/findColorSize/?category=2&color=6&size=\'> clip vào đây </a> <br> Bạn cho tôi biết thêm về size để tôi hỗ trợ thêm cho bạn',0,'2023-11-01 17:46:33','quanghuy'),(351,'vậy màu nâu',1,'2023-11-01 17:46:52','quanghuy'),(352,'Chúng tôi có một số mẫu màu nâu đẹp dành cho bạn:  <a href=\'http://localhost:8081/findColorSize/?category=2&color=3&size=\'> clip vào đây </a> <br> Bạn cho tôi biết thêm về size để tôi hỗ trợ thêm cho bạn',0,'2023-11-01 17:46:52','quanghuy'),(353,'1m70 63kg',1,'2023-11-01 18:30:37','quanghuy'),(354,'1m70 63kg',1,'2023-11-01 18:31:04','quanghuy'),(355,'Size quần áo phù hợp với bạn là size L  <a href=\'http://localhost:8081/findColorSize/?category=2&color=3&size=\'> clip vào đây </a> <br> Bạn cho tôi biết thêm về size để tôi hỗ trợ thêm cho bạn',0,'2023-11-01 18:31:07','quanghuy'),(356,'1m79',1,'2023-11-01 18:31:15','quanghuy'),(357,'Size quần áo phù hợp với bạn là size XL  <a href=\'http://localhost:8081/findColorSize/?category=2&color=3&size=\'> clip vào đây </a> <br> Bạn cho tôi biết thêm về size để tôi hỗ trợ thêm cho bạn',0,'2023-11-01 18:31:16','quanghuy'),(358,'1m6 nặng 90kg',1,'2023-11-01 18:31:34','quanghuy'),(359,'Size quần áo phù hợp với bạn là size s  <a href=\'http://localhost:8081/findColorSize/?category=2&color=3&size=\'> clip vào đây </a> <br> Bạn cho tôi biết thêm về size để tôi hỗ trợ thêm cho bạn',0,'2023-11-01 18:31:35','quanghuy'),(360,'1m6 nặng 70kg',1,'2023-11-01 18:31:52','quanghuy'),(361,'Size quần áo phù hợp với bạn là size s  <a href=\'http://localhost:8081/findColorSize/?category=2&color=3&size=\'> clip vào đây </a> <br> Bạn cho tôi biết thêm về size để tôi hỗ trợ thêm cho bạn',0,'2023-11-01 18:31:53','quanghuy'),(362,'1m6 nặng 71kg',1,'2023-11-01 18:32:55','quanghuy'),(363,'Size quần áo phù hợp với bạn là size XL  <a href=\'http://localhost:8081/findColorSize/?category=2&color=3&size=\'> clip vào đây </a> <br> Bạn cho tôi biết thêm về size để tôi hỗ trợ thêm cho bạn',0,'2023-11-01 18:32:56','quanghuy'),(364,'1m6 nặng 71kg',1,'2023-11-02 10:47:09','quanghuy'),(365,'Size quần áo phù hợp với bạn là size XL<a href=\'http://localhost:8081/findColorSize/?size=XL\'> clip vào đây </a> <br> Bạn cho tôi biết thêm về size để tôi hỗ trợ thêm cho bạn',0,'2023-11-02 10:47:10','quanghuy'),(366,'tôi nặng 80kg',1,'2023-11-02 10:47:47','quanghuy'),(367,'Size quần áo phù hợp với bạn là size XL<a href=\'http://localhost:8081/findColorSize/?size=XL\'> clip vào đây </a> <br> Bạn cho tôi biết thêm về size để tôi hỗ trợ thêm cho bạn',0,'2023-11-02 10:47:48','quanghuy'),(368,'tôi nặng 80kg',1,'2023-11-02 10:56:01','quanghuy'),(369,'Có một số mẫu size XL tôi nghĩ sẽ phù hợp với bạn: <a href=\'http://localhost:8081/findColorSize/?size=XL\'> clip vào đây </a> <br> Bạn cho tôi biết thêm về size để tôi hỗ trợ thêm cho bạn',0,'2023-11-02 10:56:03','quanghuy'),(370,'Pun nặng 60kg',1,'2023-11-02 10:59:11','quanghuy'),(371,'Có một số mẫu size L tôi nghĩ sẽ phù hợp với bạn: <a href=\'http://localhost:8081/findColorSize/?size=L\'> clip vào đây </a> <br> Bạn cho tôi biết thêm về size để tôi hỗ trợ thêm cho bạn',0,'2023-11-02 10:59:12','quanghuy'),(372,'Pun nặng 60kg cao 1m54',1,'2023-11-02 10:59:34','quanghuy'),(373,'Có một số mẫu size L tôi nghĩ sẽ phù hợp với bạn: <a href=\'http://localhost:8081/findColorSize/?size=L\'> clip vào đây </a> <br> Bạn cho tôi biết thêm về size để tôi hỗ trợ thêm cho bạn',0,'2023-11-02 10:59:35','quanghuy'),(374,'Pun nặng 50kg cao 1m54',1,'2023-11-02 10:59:50','quanghuy'),(375,'Có một số mẫu size S tôi nghĩ sẽ phù hợp với bạn: <a href=\'http://localhost:8081/findColorSize/?size=S\'> clip vào đây </a> <br> Bạn cho tôi biết thêm về size để tôi hỗ trợ thêm cho bạn',0,'2023-11-02 10:59:50','quanghuy'),(376,'bàn chân tôi 23cm',1,'2023-11-02 15:25:01','quanghuy'),(377,'tầm 23cm',1,'2023-11-02 15:28:41','quanghuy'),(378,'Size giày phù hợp với bạn là size 39<a href=\'http://localhost:8081/findColorSize/?size=39\'> clip vào đây </a> <br> Bạn cho tôi biết thêm về thể loại và màu sắc để tôi hỗ trợ thêm cho bạn',0,'2023-11-02 15:28:43','quanghuy'),(379,'bàn chân tôi 23cm',1,'2023-11-02 15:48:02','quanghuy'),(380,'Size giày phù hợp với bạn là size 39<a href=\'http://localhost:8081/findColorSize/?size=39\'> clip vào đây </a> <br> Bạn cho tôi biết thêm về thể loại và màu sắc để tôi hỗ trợ thêm cho bạn',0,'2023-11-02 15:48:03','quanghuy'),(381,'tôi muốn mua áo size l',1,'2023-11-02 16:09:10','quanghuy'),(382,'tôi muốn mua áo size l',1,'2023-11-02 16:09:30','quanghuy'),(383,'Dưới đây là một số mẫu Quần size L bạn có thể tham khảo:<a href=\'http://localhost:8081/findColorSize/?category=2&size=L\'> clip vào đây </a> <br> Bạn cho tôi biết thêm về màu sắc để tôi hỗ trợ thêm cho bạn',0,'2023-11-02 16:09:32','quanghuy'),(384,'tôi muốn mua áo size l',1,'2023-11-02 16:16:51','quanghuy'),(385,'Hãy cho tôi biết chiều cao (cm), cân nặng(kg) của bạn, tôi sẽ giúp bạn size quần áo phù hợp!<a href=\'http://localhost:8081/findColorSize/?category=2&size=L\'> clip vào đây </a> <br> Bạn cho tôi biết thêm về màu sắc để tôi hỗ trợ thêm cho bạn',0,'2023-11-02 16:16:53','quanghuy'),(386,'tôi muốn mua áo size l',1,'2023-11-02 16:17:00','quanghuy'),(387,'Hãy cho tôi biết chiều cao (cm), cân nặng(kg) của bạn, tôi sẽ giúp bạn size quần áo phù hợp!<a href=\'http://localhost:8081/findColorSize/?category=2&size=L\'> clip vào đây </a> <br> Bạn cho tôi biết thêm về màu sắc để tôi hỗ trợ thêm cho bạn',0,'2023-11-02 16:17:01','quanghuy'),(388,'tôi muốn mua áo size l',1,'2023-11-02 16:18:41','quanghuy'),(389,'Hãy cho tôi biết chiều cao (cm), cân nặng(kg) của bạn, tôi sẽ giúp bạn size quần áo phù hợp!<a href=\'http://localhost:8081/findColorSize/?category=2&size=L\'> clip vào đây </a> <br> Bạn cho tôi biết thêm về màu sắc để tôi hỗ trợ thêm cho bạn',0,'2023-11-02 16:18:42','quanghuy'),(390,'tôi mua áo',1,'2023-11-02 16:19:19','quanghuy'),(391,'Dưới đây là một số mẫu áo bạn có thể tham khảo: <a href=\'http://localhost:8081/category/1\'> clip vào đây </a> <br> Bạn cho tôi biết thêm về màu sắc và kích cỡ để tôi hỗ trợ thêm cho bạn',0,'2023-11-02 16:19:20','quanghuy'),(392,'tôi muốn mua áo size l',1,'2023-11-02 16:22:36','quanghuy'),(393,'tôi muốn mua áo size l',1,'2023-11-02 16:23:34','quanghuy'),(394,'Hãy cho tôi biết chiều cao (cm), cân nặng(kg) của bạn, tôi sẽ giúp bạn size quần áo phù hợp! <a href=\'http://localhost:8081/category/1\'> clip vào đây </a> <br> Bạn cho tôi biết thêm về màu sắc và kích cỡ để tôi hỗ trợ thêm cho bạn',0,'2023-11-02 16:23:36','quanghuy'),(395,'tôi muốn mua áo size l',1,'2023-11-02 16:31:18','quanghuy'),(396,'Bạn có thể tham khảo các mẫu áo size L sau đây:<a href=\'http://localhost:8081/findColorSize/?category=1&size=L\'> clip vào đây </a> <br> Bạn cho tôi biết thêm về màu sắc để tôi hỗ trợ thêm cho bạn',0,'2023-11-02 16:31:21','quanghuy'),(397,'tôi muốn mua áo size l',1,'2023-11-02 16:32:29','quanghuy'),(398,'Chúng tôi có một số mẫu áo size L đẹp dành cho bạn:<a href=\'http://localhost:8081/findColorSize/?category=1&size=L\'> clip vào đây </a> <br> Bạn cho tôi biết thêm về màu sắc để tôi hỗ trợ thêm cho bạn',0,'2023-11-02 16:32:29','quanghuy'),(399,'tôi muốn mua áo màu đỏ size l',1,'2023-11-02 16:32:49','quanghuy'),(400,'Bạn có thể tham khảo các mẫu áo màu đỏ size L sau đây:<a href=\'http://localhost:8081/findColorSize/?category=1&color=1&size=L\'> clip vào đây </a> <br>',0,'2023-11-02 16:32:49','quanghuy'),(401,'tôi muốn mua màu xanh size xl',1,'2023-11-02 16:33:19','quanghuy'),(402,'Chúng tôi có một số mẫu màu xanh lam size XL đẹp dành cho bạn:<a href=\'http://localhost:8081/findColorSize/?category=1&color=2&size=XL\'> clip vào đây </a> <br>',0,'2023-11-02 16:33:19','quanghuy'),(403,'tôi muốn mua quần',1,'2023-11-02 16:33:35','quanghuy'),(404,'Chúng tôi có một số mẫu quần đẹp dành cho bạn: <a href=\'http://localhost:8081/category/2\'> clip vào đây </a> <br> Bạn cho tôi biết thêm về màu sắc để tôi hỗ trợ thêm cho bạn',0,'2023-11-02 16:33:35','quanghuy'),(405,'tôi muốn mua áo đi chơi',1,'2023-11-02 16:33:46','quanghuy'),(406,'Chúng tôi có một số mẫu áo đẹp dành cho bạn: <a href=\'http://localhost:8081/category/1\'> clip vào đây </a> <br> Bạn cho tôi biết thêm về màu sắc và kích cỡ để tôi hỗ trợ thêm cho bạn',0,'2023-11-02 16:33:47','quanghuy'),(407,'tôi muốn mua quần màu nâu',1,'2023-11-02 16:33:55','quanghuy'),(408,'Chúng tôi có một số mẫu Quần màu nâu đẹp dành cho bạn:<a href=\'http://localhost:8081/findColorSize/?category=2&color=3&size=\'> clip vào đây </a> <br> Bạn cho tôi biết thêm về size để tôi hỗ trợ thêm cho bạn',0,'2023-11-02 16:33:56','quanghuy'),(409,'có size xl không',1,'2023-11-02 16:34:11','quanghuy'),(410,'Có một số mẫu size XL tôi nghĩ sẽ phù hợp với bạn: <a href=\'http://localhost:8081/findColorSize/?category=2&color=3&size=XL\'> clip vào đây </a> <br>',0,'2023-11-02 16:34:12','quanghuy'),(411,'tôi muốn đi chơi',1,'2023-11-02 16:34:40','quanghuy'),(412,'Bạn có thể tham khảo các mẫu áo sau đây: <a href=\'http://localhost:8081/category/1\'> clip vào đây </a> <br> Bạn cho tôi biết thêm về màu sắc và kích cỡ để tôi hỗ trợ thêm cho bạn',0,'2023-11-02 16:34:40','quanghuy'),(413,'tôi 70kg thì mặc size gì',1,'2023-11-02 16:34:54','quanghuy'),(414,'Có một số mẫu size XL tôi nghĩ sẽ phù hợp với bạn: <a href=\'http://localhost:8081/findColorSize/?category=1&size=XL\'> clip vào đây </a> <br> Bạn cho tôi biết thêm về màu sắc để tôi hỗ trợ thêm cho bạn',0,'2023-11-02 16:34:55','quanghuy'),(415,'65kg',1,'2023-11-02 16:35:01','quanghuy'),(416,'Có một số mẫu size L tôi nghĩ sẽ phù hợp với bạn: <a href=\'http://localhost:8081/findColorSize/?category=1&size=L\'> clip vào đây </a> <br> Bạn cho tôi biết thêm về màu sắc để tôi hỗ trợ thêm cho bạn',0,'2023-11-02 16:35:02','quanghuy'),(417,'tôi muốn mua áo',1,'2023-11-02 16:48:22','quanghuy'),(418,'tôi muốn mua áo',1,'2023-11-02 16:49:12','quanghuy'),(419,'tư vấn',1,'2023-11-02 17:02:44','quanghuy'),(420,'áo màu đỏ',1,'2023-11-03 08:33:15','quanghuy'),(421,'áo màu đỏ',1,'2023-11-03 08:34:54','quanghuy'),(422,'Dưới đây là một số mẫu áo màu đỏ bạn có thể tham khảo:<a href=\'http://localhost:8081/findColorSize/?category=1&color=1&size=\'> clip vào đây </a> <br> Bạn cho tôi biết thêm về size để tôi hỗ trợ thêm cho bạn',0,'2023-11-03 08:34:58','quanghuy'),(423,'màu đỏ',1,'2023-11-03 08:35:41','quanghuy'),(424,'Chúng tôi có một số mẫu có màu đỏ dành cho bạn:<a href=\'http://localhost:8081/findColorSize/?category=1&color=1&size=\'> clip vào đây </a> <br> Bạn cho tôi biết thêm về size để tôi hỗ trợ thêm cho bạn',0,'2023-11-03 08:35:43','quanghuy'),(425,'màu đỏ',1,'2023-11-03 08:37:03','quanghuy'),(426,'Dưới đây là một số mẫu có màu đỏ bạn có thể tham khảo:  <a href=\'http://localhost:8081/findColorSize/?color=1&size=\'> clip vào đây </a> <br> Bạn cho tôi biết thêm về loại sản phẩm và size mà bạn muốn mua là gì để tôi hỗ trợ thêm cho bạn',0,'2023-11-03 08:37:04','quanghuy'),(427,'áo',1,'2023-11-03 10:31:11','quanghuy'),(428,'Bạn có thể tham khảo các mẫu áo sau đây: <a href=\'http://localhost:8081/category/1\'> clip vào đây </a> <br> Bạn cho tôi biết thêm về màu sắc và kích cỡ để tôi hỗ trợ thêm cho bạn',0,'2023-11-03 10:31:15','quanghuy'),(429,'áo màu đỏ',1,'2023-11-03 10:31:16','quanghuy'),(430,'Dưới đây là một số mẫu áo màu đỏ bạn có thể tham khảo:<a href=\'http://localhost:8081/findColorSize/?category=1&color=1&size=\'> clip vào đây </a> <br> Bạn cho tôi biết thêm về size để tôi hỗ trợ thêm cho bạn',0,'2023-11-03 10:31:17','quanghuy'),(431,'màu',1,'2023-11-03 10:31:31','quanghuy'),(432,'màu',1,'2023-11-03 10:31:39','quanghuy'),(433,'tôi muốn mua kính màu xanh',1,'2023-11-06 10:00:11','quanghuy'),(434,'tôi muốn mua kính màu xanh',1,'2023-11-06 10:00:33','quanghuy'),(435,'Chúng tôi có một số mẫu Kính màu xanh lam đẹp dành cho bạn:<a href=\'http://localhost:8081/findColorSize/?category=5&color=2&size=\'> clip vào đây </a> <br> Bạn cho tôi biết thêm về size để tôi hỗ trợ thêm cho bạn',0,'2023-11-06 10:00:36','quanghuy'),(436,'kính màu đỏ',1,'2023-11-06 10:00:52','quanghuy'),(437,'Dưới đây là một số mẫu Kính màu đỏ bạn có thể tham khảo:<a href=\'http://localhost:8081/findColorSize/?category=5&color=1&size=\'> clip vào đây </a> <br> Bạn cho tôi biết thêm về size để tôi hỗ trợ thêm cho bạn',0,'2023-11-06 10:00:53','quanghuy'),(438,'rôi muốn mua kính màu vàng',1,'2023-11-06 10:01:05','quanghuy'),(439,'Chúng tôi có một số mẫu Kính màu vàng đẹp dành cho bạn:<a href=\'http://localhost:8081/findColorSize/?category=5&color=6&size=\'> clip vào đây </a> <br> Bạn cho tôi biết thêm về size để tôi hỗ trợ thêm cho bạn',0,'2023-11-06 10:01:06','quanghuy'),(440,'mũ màu vàng',1,'2023-11-06 10:01:15','quanghuy'),(441,'Dưới đây là một số mẫu Mũ màu vàng bạn có thể tham khảo:<a href=\'http://localhost:8081/findColorSize/?category=4&color=6&size=\'> clip vào đây </a> <br> Bạn cho tôi biết thêm về size để tôi hỗ trợ thêm cho bạn',0,'2023-11-06 10:01:16','quanghuy'),(442,'tôi muốn mua áo',1,'2023-11-06 10:01:24','quanghuy'),(443,'Dưới đây là một số mẫu áo bạn có thể tham khảo: <a href=\'http://localhost:8081/category/1\'> clip vào đây </a> <br> Bạn cho tôi biết thêm về màu sắc và kích cỡ để tôi hỗ trợ thêm cho bạn',0,'2023-11-06 10:01:25','quanghuy'),(444,'có màu đỏ không',1,'2023-11-06 10:01:36','quanghuy'),(445,'Hãy cho tôi biết chiều cao (cm), cân nặng(kg) của bạn, tôi sẽ giúp bạn size quần áo phù hợp!.',0,'2023-11-06 10:01:37','quanghuy'),(446,'có màu đỏ không',1,'2023-11-06 10:02:28','quanghuy'),(447,'Hãy cho tôi biết chiều cao (cm), cân nặng(kg) của bạn, tôi sẽ giúp bạn size quần áo phù hợp!.',0,'2023-11-06 10:02:29','quanghuy'),(448,'tôi muốn mua áo',1,'2023-11-06 10:04:32','quanghuy'),(449,'Chúng tôi có một số mẫu áo đẹp dành cho bạn: <a href=\'http://localhost:8081/category/1\'> clip vào đây </a> <br> Bạn cho tôi biết thêm về màu sắc và kích cỡ để tôi hỗ trợ thêm cho bạn',0,'2023-11-06 10:04:35','quanghuy'),(450,'có áo màu đỏ không',1,'2023-11-06 10:04:47','quanghuy'),(451,'Dưới đây là một số mẫu áo màu đỏ bạn có thể tham khảo:<a href=\'http://localhost:8081/findColorSize/?category=1&color=1&size=\'> clip vào đây </a> <br> Bạn cho tôi biết thêm về size để tôi hỗ trợ thêm cho bạn',0,'2023-11-06 10:04:47','quanghuy'),(452,'tôi thích màu vàng hơn',1,'2023-11-06 10:05:08','quanghuy'),(453,'Bạn có thể tham khảo các mẫu màu vàng size XL sau đây:.',0,'2023-11-06 10:05:09','quanghuy'),(454,'tôi thích màu vàng hơn',1,'2023-11-06 10:07:04','quanghuy'),(455,'Chúng tôi có một số mẫu có màu vàng dành cho bạn:  <a href=\'http://localhost:8081/findColorSize/?color=6&size=\'> clip vào đây </a> <br> Bạn cho tôi biết thêm về loại sản phẩm và size mà bạn muốn mua là gì để tôi hỗ trợ thêm cho bạn',0,'2023-11-06 10:07:07','quanghuy'),(456,'tôi muốn áo',1,'2023-11-06 10:07:17','quanghuy'),(457,'Chúng tôi có một số mẫu áo đẹp dành cho bạn: <a href=\'http://localhost:8081/category/1\'> clip vào đây </a> <br> Bạn cho tôi biết thêm về màu sắc và kích cỡ để tôi hỗ trợ thêm cho bạn',0,'2023-11-06 10:07:18','quanghuy'),(458,'có áo màu vàng không',1,'2023-11-06 10:07:36','quanghuy'),(459,'Dưới đây là một số mẫu áo màu vàng bạn có thể tham khảo:<a href=\'http://localhost:8081/findColorSize/?category=1&color=6&size=\'> clip vào đây </a> <br> Bạn cho tôi biết thêm về size để tôi hỗ trợ thêm cho bạn',0,'2023-11-06 10:07:37','quanghuy'),(460,'màu nâu thì sao',1,'2023-11-06 10:07:48','quanghuy'),(461,'Dưới đây là một số mẫu màu nâu bạn có thể tham khảo:  <a href=\'http://localhost:8081/findColorSize/?color=3&size=\'> clip vào đây </a> <br> Bạn cho tôi biết thêm về loại sản phẩm và size mà bạn muốn mua là gì để tôi hỗ trợ thêm cho bạn',0,'2023-11-06 10:07:49','quanghuy'),(462,'tôi muốn mua áo',1,'2023-11-06 10:09:37','quanghuy'),(463,'Chúng tôi có một số mẫu áo đẹp dành cho bạn: <a href=\'http://localhost:8081/category/1\'> clip vào đây </a> <br> Bạn cho tôi biết thêm về màu sắc và kích cỡ để tôi hỗ trợ thêm cho bạn',0,'2023-11-06 10:09:39','quanghuy'),(464,'áo màu vàng',1,'2023-11-06 10:09:44','quanghuy'),(465,'Chúng tôi có một số mẫu áo màu vàng đẹp dành cho bạn:<a href=\'http://localhost:8081/findColorSize/?category=1&color=6&size=\'> clip vào đây </a> <br> Bạn cho tôi biết thêm về size để tôi hỗ trợ thêm cho bạn',0,'2023-11-06 10:09:45','quanghuy'),(466,'tôi muốn màu nâu',1,'2023-11-06 10:10:04','quanghuy'),(467,'Dưới đây là một số mẫu màu nâu bạn có thể tham khảo:<a href=\'http://localhost:8081/findColorSize/?category=1&color=3&size=\'> clip vào đây </a> <br> Bạn cho tôi biết thêm về size để tôi hỗ trợ thêm cho bạn',0,'2023-11-06 10:10:05','quanghuy'),(468,'tôi muốn mua quần ',1,'2023-11-06 10:10:16','quanghuy'),(469,'Bạn có thể tham khảo các mẫu quần sau đây: <a href=\'http://localhost:8081/category/2\'> clip vào đây </a> <br> Bạn cho tôi biết thêm về màu sắc để tôi hỗ trợ thêm cho bạn',0,'2023-11-06 10:10:17','quanghuy'),(470,'quần màu nâu',1,'2023-11-06 10:10:23','quanghuy'),(471,'Chúng tôi có một số mẫu Quần màu nâu đẹp dành cho bạn:<a href=\'http://localhost:8081/findColorSize/?category=2&color=3&size=\'> clip vào đây </a> <br> Bạn cho tôi biết thêm về size để tôi hỗ trợ thêm cho bạn',0,'2023-11-06 10:10:24','quanghuy'),(472,'tôi size l',1,'2023-11-06 10:10:37','quanghuy'),(473,'Có một số mẫu size L tôi nghĩ sẽ phù hợp với bạn: <a href=\'http://localhost:8081/findColorSize/?category=2&color=3&size=L\'> clip vào đây </a> <br>',0,'2023-11-06 10:10:38','quanghuy'),(474,'kính màu xanh',1,'2023-11-06 10:11:06','quanghuy'),(475,'Bạn có thể tham khảo các mẫu Kính màu xanh lam sau đây:<a href=\'http://localhost:8081/findColorSize/?category=5&color=2&size=\'> clip vào đây </a> <br> Bạn cho tôi biết thêm về size để tôi hỗ trợ thêm cho bạn',0,'2023-11-06 10:11:06','quanghuy'),(476,'kính màu đỏ',1,'2023-11-06 10:11:15','quanghuy'),(477,'Chúng tôi có một số mẫu Kính màu đỏ đẹp dành cho bạn:<a href=\'http://localhost:8081/findColorSize/?category=5&color=1&size=\'> clip vào đây </a> <br> Bạn cho tôi biết thêm về size để tôi hỗ trợ thêm cho bạn',0,'2023-11-06 10:11:16','quanghuy'),(478,'giày màu vàng',1,'2023-11-06 10:11:25','quanghuy'),(479,'Chúng tôi có một số mẫu Giày màu vàng đẹp dành cho bạn:<a href=\'http://localhost:8081/findColorSize/?category=3&color=6&size=\'> clip vào đây </a> <br> Bạn cho tôi biết thêm về size để tôi hỗ trợ thêm cho bạn',0,'2023-11-06 10:11:26','quanghuy'),(480,'size 32',1,'2023-11-06 10:11:33','quanghuy'),(481,'Tôi cần nhiều thông tin hơn.',0,'2023-11-06 10:11:34','quanghuy'),(482,'size 38',1,'2023-11-06 10:11:42','quanghuy'),(483,'Size giày phù hợp với bạn là size 38<a href=\'http://localhost:8081/findColorSize/?size=38\'> clip vào đây </a> <br> Bạn cho tôi biết thêm về thể loại và màu sắc để tôi hỗ trợ thêm cho bạn',0,'2023-11-06 10:11:43','quanghuy');
/*!40000 ALTER TABLE `conversations` ENABLE KEYS */;
UNLOCK TABLES;

--
-- Table structure for table `order`
--

DROP TABLE IF EXISTS `order`;
/*!40101 SET @saved_cs_client     = @@character_set_client */;
/*!50503 SET character_set_client = utf8mb4 */;
CREATE TABLE `order` (
  `id` int NOT NULL AUTO_INCREMENT,
  `address` varchar(1111) CHARACTER SET utf8mb3 COLLATE utf8mb3_general_ci DEFAULT NULL,
  `booking_date` date DEFAULT NULL,
  `country` varchar(1111) CHARACTER SET utf8mb3 COLLATE utf8mb3_general_ci DEFAULT NULL,
  `email` varchar(1111) CHARACTER SET utf8mb3 COLLATE utf8mb3_general_ci DEFAULT NULL,
  `fullname` varchar(1111) CHARACTER SET utf8mb3 COLLATE utf8mb3_general_ci DEFAULT NULL,
  `note` varchar(1111) CHARACTER SET utf8mb3 COLLATE utf8mb3_general_ci DEFAULT NULL,
  `payment_method` varchar(1111) CHARACTER SET utf8mb3 COLLATE utf8mb3_general_ci DEFAULT NULL,
  `phone` varchar(1111) CHARACTER SET utf8mb3 COLLATE utf8mb3_general_ci DEFAULT NULL,
  `status` varchar(1111) CHARACTER SET utf8mb3 COLLATE utf8mb3_general_ci DEFAULT NULL,
  `total` int DEFAULT NULL,
  `user_id` varchar(255) DEFAULT NULL,
  PRIMARY KEY (`id`),
  KEY `FKcpl0mjoeqhxvgeeeq5piwpd3i` (`user_id`),
  CONSTRAINT `FKcpl0mjoeqhxvgeeeq5piwpd3i` FOREIGN KEY (`user_id`) REFERENCES `user` (`id`)
) ENGINE=InnoDB AUTO_INCREMENT=21 DEFAULT CHARSET=utf8mb4 COLLATE=utf8mb4_0900_ai_ci;
/*!40101 SET character_set_client = @saved_cs_client */;

--
-- Dumping data for table `order`
--

LOCK TABLES `order` WRITE;
/*!40000 ALTER TABLE `order` DISABLE KEYS */;
INSERT INTO `order` VALUES (20,'','2023-11-04','','voquanghuy08102000@gmail.com','Võ Quang Huy','','Payment on delivery','','Pending',4000000,'quanghuy');
/*!40000 ALTER TABLE `order` ENABLE KEYS */;
UNLOCK TABLES;

--
-- Table structure for table `order_item`
--

DROP TABLE IF EXISTS `order_item`;
/*!40101 SET @saved_cs_client     = @@character_set_client */;
/*!50503 SET character_set_client = utf8mb4 */;
CREATE TABLE `order_item` (
  `id` int NOT NULL AUTO_INCREMENT,
  `count` int DEFAULT NULL,
  `order_id` int DEFAULT NULL,
  `product_details_id` int DEFAULT NULL,
  PRIMARY KEY (`id`),
  KEY `FKs234mi6jususbx4b37k44cipy` (`order_id`),
  KEY `FK_product_dt1_ID` (`product_details_id`),
  CONSTRAINT `FK_product_dt1_ID` FOREIGN KEY (`product_details_id`) REFERENCES `product_details` (`id`),
  CONSTRAINT `FKs234mi6jususbx4b37k44cipy` FOREIGN KEY (`order_id`) REFERENCES `order` (`id`)
) ENGINE=InnoDB AUTO_INCREMENT=55 DEFAULT CHARSET=utf8mb4 COLLATE=utf8mb4_0900_ai_ci;
/*!40101 SET character_set_client = @saved_cs_client */;

--
-- Dumping data for table `order_item`
--

LOCK TABLES `order_item` WRITE;
/*!40000 ALTER TABLE `order_item` DISABLE KEYS */;
INSERT INTO `order_item` VALUES (53,5,20,1),(54,3,20,2);
/*!40000 ALTER TABLE `order_item` ENABLE KEYS */;
UNLOCK TABLES;

--
-- Table structure for table `product`
--

DROP TABLE IF EXISTS `product`;
/*!40101 SET @saved_cs_client     = @@character_set_client */;
/*!50503 SET character_set_client = utf8mb4 */;
CREATE TABLE `product` (
  `id` int NOT NULL AUTO_INCREMENT,
  `created_at` date DEFAULT NULL,
  `description` varchar(11111) CHARACTER SET utf8mb3 COLLATE utf8mb3_general_ci DEFAULT NULL,
  `is_active` int DEFAULT NULL,
  `is_selling` int DEFAULT NULL,
  `price` int DEFAULT NULL,
  `product_name` varchar(1111) CHARACTER SET utf8mb3 COLLATE utf8mb3_general_ci DEFAULT NULL,
  `quantity` int DEFAULT NULL,
  `sold` int DEFAULT NULL,
  `category_id` int DEFAULT NULL,
  PRIMARY KEY (`id`),
  KEY `FK1mtsbur82frn64de7balymq9s` (`category_id`),
  CONSTRAINT `FK1mtsbur82frn64de7balymq9s` FOREIGN KEY (`category_id`) REFERENCES `category` (`id`)
) ENGINE=InnoDB AUTO_INCREMENT=64 DEFAULT CHARSET=utf8mb4 COLLATE=utf8mb4_0900_ai_ci;
/*!40101 SET character_set_client = @saved_cs_client */;

--
-- Dumping data for table `product`
--

LOCK TABLES `product` WRITE;
/*!40000 ALTER TABLE `product` DISABLE KEYS */;
INSERT INTO `product` VALUES (1,'2023-01-21','Lightweight hoodie from UO in a shrunken fit thatproduct_imageproduct_image\'s perfect for layering. Garment-washed for a lived-in look with a zip front and kanga pockets. Only at Urban Outfitters.',1,1,500000,'BDG Bonfire Zip-Up Hoodie Sweatshirt',74,20,1),(2,'2023-01-21','Big corduroy work shirt from Urban Outfitters. Cut in a slightly oversized silhouette, this cotton cord shirt offers a full-length button-front closure, pointed collar and single patch pocket at the chest. Complete with long sleeves with adjustable button cuffs, yoked back and a split, rounded hemline.',1,1,300000,'UO Big Corduroy Work Shirt',30,10,1),(3,'2023-01-11','Wide stripe pattern t-shirt by Urban Outfitters. Premium short sleeve tee in a boxy silhouette with short sleeves and a ribbed knit crew neck.',1,1,360000,'UO Striped Boxy Tee',202,20,1),(4,'2023-03-30','Plaid pattern long sleeve overshirt by Wax London. Button-down closure front with a left chest pocket & standard collar. Dedicated to crafting premium tailored designs with eco-friendly methods, Wax London creates their pieces in their UK homeland with sustainably produced fabrics and natural dye techniques. With a firm belief in practicing what they preach, the brand strives to reduce their environmental impact with each and every stitch.',1,1,520000,'Wax London Whiting Overshirt',90,90,1),(5,'2023-02-09','Polo collar pullover sweatshirt by Levi’s. Striped look with text at the left chest. Fitted with a partial button closure at the front. Since 1873, Levi’s® has stood for classic American style and effortless cool. From their classic 501 jeans, modern 511 slim fit jeans, Trucker denim jackets and everything in between, they get it right every time.',1,1,120000,'Levi’s Archive Collared Sweatshirt',90,80,1),(6,'2023-01-03','Short sleeve shirt by The North Face topped with patch and embroidered detailing. Button-down style in a slightly boxy fit. Topped with chest pockets and fitted with a notched collar. The North Face mission is to build the best gear, support the preservation of wild places and inspire a global movement of outdoor exploration.',1,1,340000,'The North Face Valley Utility Shirt',130,130,1),(7,'2023-04-21','Textured cotton shirt jacket by Standard Cloth. Fitted with a button closure at the front and notched tab collar. Topped with flap pockets at the chest. Urban Outfitters exclusive. Standard Cloth is committed to using quality materials, offering great fits and leaving no detail unconsidered. These are your new favorites.',1,1,250000,'Standard Cloth Textured Shirt Jacket',120,20,1),(8,'2023-01-21','Quilted shirt jacket by Standard Cloth. Button-down style with flap pockets at the chest and a tab collar. Urban Outfitters exclusive.',1,1,220000,'Standard Cloth Lightweight Quilted Shirt Jacket',131,70,1),(9,'2023-05-02','Utility vest by American sportswear label Polo Ralph Lauren. Durable cotton canvas with allover flap & zip closure pockets. V-Neckline silhouette with a zip closure front. Topped with patch accents and chainstitch embroidered detailing.',1,1,190000,'Polo Ralph Lauren Marlin Lined Vest',112,20,1),(10,'2023-04-10','Slim-fit jeans by BDG with ripped accents at the knees. Mid-rise waist and straight leg silhouette. Longline inseam for stacked styling to compliment your favorite sneakers. Fitted with a zip fly & button closure. Urban Outfitters exclusive.',1,1,549000,'BDG Sneaker Stack Jean – Destructed Vintage Wash',111,90,2),(11,'2023-03-09','Slim fit jeans by BDG in a throwback style. Cut with a mid rise and subtle tapered leg in rigid BDG denim. Features a classic 5-pocket styling with a button & zip closure. Only at Urban Outfitters.',1,1,520000,'BDG \'90s Vintage Slim Fit Jean',93,10,2),(12,'2023-02-10','Skinny fit jeans by BDG. Rigid denim with a low-rise waist and skinny fit. Classic 5-pocket style with a zip fly & button closure. Urban Outfitters exclusive.',1,1,230000,'BDG Low Rise Skinny Jean',150,75,2),(13,'2023-05-09','Skinny fit jeans by Rolla’s in rigid denim. Features a mid-rise waist and fitted with pockets. Includes a zip fly and button closure.',1,1,900000,'Rolla’s Stinger Skinny Fit Jean',99,90,2),(14,'2023-01-07','Stripe pattern mesh basketball shorts by Standard Cloth. Fitted with pockets at the sides and back. Includes an elastic waistband with an adjustable tie at the waist. Urban Outfitters exclusive.',1,1,180000,'Standard Cloth Striped Mesh Basketball Short',190,20,2),(15,'2023-04-06','Nylon shorts by Standard Cloth. Basic silhouette with 4\" inseams Fitted with pockets. Includes an elastic waistband & adjustable tie closure. Urban Outfitters exclusive.',1,1,100000,'Standard Cloth Oliver 2.0 3\" Nylon Short',119,200,2),(16,'2023-04-17','Essential swim shorts by Vans with an elastic waistband and adjustable drawstring closure. Fitted with pockets at the sides and a logo label tab accent.',1,1,370000,'Vans Primary Solid Elastic Swim Short',31,200,2),(17,'2023-04-11','Balloon silhouette pants by Champion with a nylon fabrication. Fitted with a stretch elastic waistband and gathered ankle cuffs. Fitted with pockets at the sides and back. Urban Outfitters exclusive.',1,1,910000,'Champion UO Exclusive Nylon Balloon Pant',237,10,2),(18,'2023-01-18','Swim shorts by Dark seas topped with flap pocket detailing at the side. Cut with a mid-rise waist and 5\" inseam. Finished with a zip fly and button closure.',1,1,200000,'Dark Seas Hitch Stretch Swim Short',69,20,2),(19,'2023-04-04','Overalls by Levi’s® with contrast stitching. Classic bib front style with utility pockets. Fitted with adjustable shoulder straps & buckle closures.',1,1,750000,'Levi’s® Contrast Stitch Skate Overall',177,80,2),(20,'2023-04-11','The classic Chuck 70 style by Converse in a seasonal colorway. High top silhouette with a lace up front. Fitted with a rubber toe cap and finished with textured traction at the sole.',1,1,720000,'Converse Chuck 70 High Top Sneaker',239,50,3),(21,'2023-03-10','Updated 2002R sneakers by New Balance with a distressed look. Suede and mesh overlay uppers with a lace up front. Cushioned AZORB tech with textured tread at the rubber outsole.',1,1,520000,'New Balance 2002R Protection Pack Sneaker',119,10,3),(22,'2023-02-10','Retro vibe Chuck Taylor high tops from Converse. The Chuck 70 Core 162050C sneaker has a durable canvas upper offers contrast stitch detailing and a lace front closure, complete with a rubber toe cap and grippy rubber outsole. A legit heritage classic in the world of sneakers, Converse is the name behind our beloved Chucks, and is respected worldwide as a producer of true, original, athletic footwear.',1,1,520000,'Converse Chuck 70 Core High Top Sneaker',111,10,3),(23,'2023-04-29','Mule style clog by Dr. Martens. Features a strap at the back with an adjustable buckle. Outstitch detailing and finished with a lugged sole.',1,1,370000,'Dr. Martens Jorge II Clog',150,20,3),(24,'2023-04-30','Classic high top sneakers by Converse in the essential Chuck 70 silhouette. Multi-color upper with a lace closure. Includes a rubber toe cap and textured rubber outsole.',1,1,120000,'Converse Chuck 70 Craft Mix High Top Sneaker',149,20,3),(25,'2023-02-12','The ultimate recovery sandal by HOKA ONE ONE®. Features a dual-layer construction with optimized groove placement and fitted with a cushioned midsole for maximum support.',1,1,510000,'HOKA ONE ONE® Ora Recovery 3 Slide Sandal',180,100,3),(26,'2023-03-29','Classic low top sneakers by Converse and Beyond Retro. Patchwork look upper with a lace up closure. Fitted with a rubber toe cap and textured tread at the rubber sole.',1,1,820000,'Converse X Beyond Retro Chuck 70 Low Top Sneaker',120,70,3),(27,'2023-02-24','Essential flip flops by Rainbow crafted from leather with a 1\" strap. Single layer arch style with a non-slip outsole.',1,1,670000,'Rainbow Single Layer Flip Flop',41,50,3),(28,'2023-05-23','Designed with a lightweight but durable sole for indoors and out, this classic UGG slipper is a versatile must-have. Soft suede upper in a slip-on silhouette with plush natural wool insole and sheepskin lining. Updated with a bold logo at the top. Set on a Treadlite by UGG™ outsole for added traction and finished with an embroidered Tasman braid.',1,1,710000,'UGG Tasman Logo Slipper Clog',139,90,3),(29,'2023-03-09','Corduroy cap by ’47 with an adjustable closure and curved brim. Topped Los Angeles Dodgers logo embroidery. Urban Outfitters exclusive.',1,1,249000,'’47 UO Exclusive MLB Los Angeles Dodgers Cord Cleanup Baseball Hat',10,100,4),(30,'2023-04-10','Short roll beanie from Urban Outfitters, crafted in a circular knit from an acrylic fabrication. Finished with an adjustable roll top for a customizable wear.',1,1,250000,'UO Short Roll Knit Beanie',50,310,4),(31,'2023-05-04','Foldover cuff beanie by OBEY in a ribbed fabrication and topped with logo text at the front.',1,1,180000,'OBEY Future Beanie',59,10,4),(32,'2023-04-14','Retro look hat by Mitchell & Ness with Los Angeles Lakers embroidery at the front. Fitted with an adjustable snapback closure and a curved brim.',1,1,990000,'Mitchell & Ness Deadstock Championship Los Angeles Lakers Hat',30,90,4),(33,'2023-01-16','Logo bucket hat by Champion with embroidered text at the front. Cotton canvas with a garment wash effect. Flat top style with an all-around brim.',1,1,100000,'Champion Garment Washed Relaxed Bucket Hat',60,20,4),(34,'2023-03-23','Pinstripe pattern MLB team hat by New Era. Cotton canvas paneled hat with an adjustable snapback closure.',1,1,190000,'New Era San Francisco Giants Pinstripe Baseball Hat',31,70,4),(35,'2023-03-25','Tie-dye hat by Market with embroidered text at the front. Adjustable fit with a strap closure at the back. Fitted with a flat brim.',1,1,200000,'Market Creative Chemistry Hat',30,90,4),(36,'2023-01-19','Embroidered New York Eagles hat by American Needle. Paneled construction with an adjustable snap closure at the back and a curved brim.',1,1,560000,'American Needle New York Eagles Hat',59,78,4),(37,'2023-01-15','Paneled hat by ’47 with a University Of North Carolina logo motif embroidered at the front. Fitted with an adjustable strap closure at the back and a curved brim.',1,1,120000,'’47 University Of North Carolina Baseball Hat',31,120,4),(38,'2023-05-04','Vintage sunglasses in their original form. Features a round retro silhouette and fitted with tinted lenses. The Urban Renewal team sourced the best of this vintage style from around the world. We’ll pick one just for you from our limited supply of one-of-a-kind designs. Each piece is unique and the one you receive will vary from what you see here.',1,1,999000,'Urban Renewal Vintage Orbiter Sunglasses',10,30,5),(39,'2023-05-30','Round silhouette blue light glasses. Features a classic look wire frame with a padded nose bridge. Finished with non-magnifying clear lenses.',1,1,899000,'Wes Round Blue Light Glasses',50,50,5),(40,'2023-05-29','Vintage sunglasses in an aviator silhouette with a plastic frame and tinted lenses. The Urban Renewal team sourced the best of this vintage style from around the world. We’ll pick one just for you from our limited supply of one-of-a-kind designs. Each piece is unique and the one you receive will vary from what you see here.',1,1,690000,'Urban Renewal Vintage Triton Sunglasses',30,70,5),(41,'2023-05-27','Vintage sunglasses in their original form. Features chunky plastic side arms and a metal frame with rounded look. Fitted with tinted lenses. The Urban Renewal team sourced the best of this vintage style from around the world. We’ll pick one just for you from our limited supply of one-of-a-kind designs. Each piece is unique and the one you receive will vary from what you see here.',1,1,230000,'Urban Renewal Vintage Hell Yeah Sunglasses',31,10,5),(42,'2023-04-06','Micro shield silhouette sunglasses with a retro look and tinted UV-blocking lens.',1,1,760000,'Trey Micro Shield Sunglasses',59,20,5),(43,'2023-03-30','Retro aviator silhouette sunglasses with an updated angular look. Includes a brow bar accent and fitted with tinted UV-blocking lenses.',1,1,520000,'Burke Metal Navigator Sunglasses',10,90,5),(44,'2023-04-15','From the pros at Crap Eyewear, these Sweet Leaf sunglasses are handcrafted with optical-grade biodegradable bioacetate in a small, round silhouette. Equipped with CR-39 lenses + 100% UVA/UVB protection. Finished with durable 5-barrel hinges and custom wire temple cores for added strength and superior fit.',1,1,350000,'Crap Eyewear The Sweet Leaf Rectangle Oval Sunglasses',50,10,5),(45,'2023-05-16','Sunglasses by EPOKHE and Dylan Rieder. Premium acetate sunglasses fitted with tinted UV-blocking lenses.',1,1,120000,'EPOKHE Dylan Sunglasses',61,50,5),(46,'2023-03-11','Aviator style sunglasses with a retro look. Plastic frame style and fitted with tinted lenses.',1,1,240000,'Eldridge Aviator Sunglasses',59,500,5);
/*!40000 ALTER TABLE `product` ENABLE KEYS */;
UNLOCK TABLES;

--
-- Table structure for table `product_details`
--

DROP TABLE IF EXISTS `product_details`;
/*!40101 SET @saved_cs_client     = @@character_set_client */;
/*!50503 SET character_set_client = utf8mb4 */;
CREATE TABLE `product_details` (
  `id` int NOT NULL AUTO_INCREMENT,
  `product_id` int DEFAULT NULL,
  `size_id` int DEFAULT NULL,
  `quantity` int DEFAULT NULL,
  `color_id` int DEFAULT NULL,
  PRIMARY KEY (`id`),
  KEY `product_id` (`product_id`),
  KEY `FK4so91ndedojs9q48ux3h15qhp` (`color_id`),
  KEY `FKplk39e1qodybm743tbktrktjr` (`size_id`),
  CONSTRAINT `FK4so91ndedojs9q48ux3h15qhp` FOREIGN KEY (`color_id`) REFERENCES `color` (`id`),
  CONSTRAINT `FKplk39e1qodybm743tbktrktjr` FOREIGN KEY (`size_id`) REFERENCES `size` (`id`),
  CONSTRAINT `product_details_ibfk_1` FOREIGN KEY (`product_id`) REFERENCES `product` (`id`)
) ENGINE=InnoDB AUTO_INCREMENT=185 DEFAULT CHARSET=utf8mb4 COLLATE=utf8mb4_0900_ai_ci;
/*!40101 SET character_set_client = @saved_cs_client */;

--
-- Dumping data for table `product_details`
--

LOCK TABLES `product_details` WRITE;
/*!40000 ALTER TABLE `product_details` DISABLE KEYS */;
INSERT INTO `product_details` VALUES (1,1,1,5,9),(2,1,2,7,9),(3,1,3,11,9),(63,1,1,20,3),(64,1,1,20,3),(65,1,1,1,1),(66,2,1,10,6),(67,2,2,10,6),(68,2,3,10,6),(69,3,1,10,3),(70,3,3,20,3),(71,3,2,30,3),(72,4,1,30,3),(73,4,2,30,3),(74,4,3,30,3),(75,5,1,30,8),(76,5,2,30,8),(77,5,3,30,8),(78,6,1,30,8),(79,6,2,50,8),(80,6,1,10,8),(81,7,1,30,5),(82,7,2,31,5),(83,7,3,59,5),(84,8,1,50,9),(85,8,2,50,9),(86,8,3,31,9),(87,9,1,31,4),(88,9,2,50,4),(89,9,3,31,4),(90,10,1,50,1),(91,10,2,31,1),(92,10,3,30,1),(93,11,1,31,8),(94,11,2,31,8),(95,11,3,31,8),(96,12,1,50,2),(97,12,2,50,2),(98,12,3,50,2),(99,13,1,10,2),(100,13,3,10,2),(101,13,3,59,2),(102,14,1,10,5),(103,14,2,31,5),(104,14,3,31,5),(105,15,1,50,5),(106,15,3,59,5),(107,15,3,10,5),(108,16,1,31,8),(109,17,1,30,5),(110,17,2,59,5),(111,17,3,10,5),(112,18,1,10,2),(113,18,2,59,2),(114,19,1,59,1),(115,19,2,59,1),(116,19,3,59,1),(117,14,1,59,1),(118,14,2,59,1),(119,17,1,59,1),(120,17,3,59,1),(121,3,1,50,2),(122,3,3,31,2),(123,6,1,10,2),(124,6,1,30,2),(125,17,1,10,3),(126,17,3,10,3),(127,13,1,10,3),(128,13,1,10,3),(129,3,1,31,1),(130,3,2,30,1),(131,20,10,10,4),(132,20,11,31,4),(133,20,12,59,4),(134,20,13,50,4),(135,20,14,59,4),(136,20,15,30,4),(137,21,10,50,9),(138,21,12,10,1),(139,21,15,59,9),(140,22,11,50,5),(141,22,13,31,5),(142,22,14,30,5),(143,23,11,59,6),(144,23,10,10,6),(145,23,12,50,6),(146,23,15,31,6),(147,24,12,30,2),(148,24,13,59,2),(149,24,14,10,2),(150,24,15,50,2),(151,25,15,31,9),(152,25,14,30,9),(153,25,13,10,9),(154,25,11,59,8),(155,25,12,50,8),(156,26,10,31,3),(157,26,11,30,3),(158,26,13,59,3),(159,27,13,10,4),(160,27,11,31,4),(161,28,10,50,3),(162,28,12,30,3),(163,28,11,59,3),(164,29,16,10,1),(165,30,16,50,6),(166,37,16,31,2),(167,31,16,59,5),(168,32,16,30,8),(169,33,16,50,5),(170,33,16,10,6),(171,34,16,31,8),(172,35,16,30,4),(173,36,16,59,2),(174,38,16,10,4),(175,39,16,50,8),(176,40,16,30,3),(177,41,16,31,4),(178,42,16,59,5),(179,43,16,10,5),(180,44,16,50,6),(181,45,16,31,1),(182,45,16,30,7),(183,46,16,59,3),(184,1,2,10,1);
/*!40000 ALTER TABLE `product_details` ENABLE KEYS */;
UNLOCK TABLES;

--
-- Table structure for table `product_image`
--

DROP TABLE IF EXISTS `product_image`;
/*!40101 SET @saved_cs_client     = @@character_set_client */;
/*!50503 SET character_set_client = utf8mb4 */;
CREATE TABLE `product_image` (
  `id` int NOT NULL AUTO_INCREMENT,
  `url_image` varchar(1111) CHARACTER SET utf8mb3 COLLATE utf8mb3_general_ci DEFAULT NULL,
  `product_id` int DEFAULT NULL,
  PRIMARY KEY (`id`),
  KEY `FK6oo0cvcdtb6qmwsga468uuukk` (`product_id`),
  CONSTRAINT `FK6oo0cvcdtb6qmwsga468uuukk` FOREIGN KEY (`product_id`) REFERENCES `product` (`id`)
) ENGINE=InnoDB AUTO_INCREMENT=187 DEFAULT CHARSET=utf8mb4 COLLATE=utf8mb4_0900_ai_ci;
/*!40101 SET character_set_client = @saved_cs_client */;

--
-- Dumping data for table `product_image`
--

LOCK TABLES `product_image` WRITE;
/*!40000 ALTER TABLE `product_image` DISABLE KEYS */;
INSERT INTO `product_image` VALUES (1,'https://res.cloudinary.com/drlroexjl/image/upload/v1680703085/fashionstore/69614485_004_b_zughuc.webp',1),(2,'https://res.cloudinary.com/drlroexjl/image/upload/v1680703093/fashionstore/69614485_004_d_ukknfz.webp',1),(3,'https://res.cloudinary.com/drlroexjl/image/upload/v1680703104/fashionstore/69614485_004_f_h5y7g0.webp',1),(4,'https://res.cloudinary.com/drlroexjl/image/upload/v1680703127/fashionstore/69614485_004_e_t8yw8b.webp',1),(5,'https://res.cloudinary.com/drlroexjl/image/upload/v1680703710/fashionstore/55150924_022_b_hrhh3f.webp',2),(6,'https://res.cloudinary.com/drlroexjl/image/upload/v1680703715/fashionstore/55150924_022_d_hnpgns.webp',2),(7,'https://res.cloudinary.com/drlroexjl/image/upload/v1680703723/fashionstore/55150924_022_e_mesg3x.webp',2),(8,'https://res.cloudinary.com/drlroexjl/image/upload/v1680703729/fashionstore/55150924_022_f_jsarwh.webp',2),(9,'https://res.cloudinary.com/drlroexjl/image/upload/v1680704262/fashionstore/82058512_029_b_wkz8t6.webp',3),(10,'https://res.cloudinary.com/drlroexjl/image/upload/v1680704266/fashionstore/82058512_029_d_jgju9x.webp',3),(11,'https://res.cloudinary.com/drlroexjl/image/upload/v1680704271/fashionstore/82058512_029_e_ppcya8.webp',3),(12,'https://res.cloudinary.com/drlroexjl/image/upload/v1680704280/fashionstore/82058512_029_f_g333ep.webp',3),(13,'https://res.cloudinary.com/drlroexjl/image/upload/v1680704388/fashionstore/82627878_015_e_jztu3u.webp',4),(14,'https://res.cloudinary.com/drlroexjl/image/upload/v1680704394/fashionstore/82627878_015_b_mju6tw.webp',4),(15,'https://res.cloudinary.com/drlroexjl/image/upload/v1680704400/fashionstore/82627878_015_d_kpjrzz.webp',4),(16,'https://res.cloudinary.com/drlroexjl/image/upload/v1680704403/fashionstore/82627878_015_f_ql0qiv.webp',4),(17,'https://res.cloudinary.com/drlroexjl/image/upload/v1680704510/fashionstore/79610747_010_b_esc3jq.webp',5),(18,'https://res.cloudinary.com/drlroexjl/image/upload/v1680704516/fashionstore/79610747_010_d_ohmgbh.webp',5),(19,'https://res.cloudinary.com/drlroexjl/image/upload/v1680704522/fashionstore/79610747_010_e_tv0vvf.webp',5),(20,'https://res.cloudinary.com/drlroexjl/image/upload/v1680704526/fashionstore/79610747_010_f_nwkwer.webp',5),(21,'https://res.cloudinary.com/drlroexjl/image/upload/v1680704641/fashionstore/79453056_010_b_cycctq.webp',6),(22,'https://res.cloudinary.com/drlroexjl/image/upload/v1680704647/fashionstore/79453056_010_d_l8dicf.webp',6),(23,'https://res.cloudinary.com/drlroexjl/image/upload/v1680704652/fashionstore/79453056_010_e_xegezi.webp',6),(24,'https://res.cloudinary.com/drlroexjl/image/upload/v1680704656/fashionstore/79453056_010_f_zzsaxx.webp',6),(25,'https://res.cloudinary.com/drlroexjl/image/upload/v1680704802/fashionstore/79474201_001_b_f13p3l.webp',7),(26,'https://res.cloudinary.com/drlroexjl/image/upload/v1680704808/fashionstore/79474201_001_d_sezl3e.webp',7),(27,'https://res.cloudinary.com/drlroexjl/image/upload/v1680704814/fashionstore/79474201_001_e_sotiwx.webp',7),(28,'https://res.cloudinary.com/drlroexjl/image/upload/v1680704817/fashionstore/79474201_001_f_hchxks.webp',7),(29,'https://res.cloudinary.com/drlroexjl/image/upload/v1680704920/79474672_004_b_ywcas1.webp',8),(30,'https://res.cloudinary.com/drlroexjl/image/upload/v1680704926/79474672_004_d_easojx.webp',8),(31,'https://res.cloudinary.com/drlroexjl/image/upload/v1680704939/79474672_004_e_yurwxm.webp',8),(32,'https://res.cloudinary.com/drlroexjl/image/upload/v1680704942/79474672_004_f_iqy2xo.webp',8),(33,'https://res.cloudinary.com/drlroexjl/image/upload/v1680705026/83140749_031_b_mxvrov.webp',9),(34,'https://res.cloudinary.com/drlroexjl/image/upload/v1680705034/83140749_031_d_rjphfh.webp',9),(35,'https://res.cloudinary.com/drlroexjl/image/upload/v1680705042/83140749_031_e_g845ud.webp',9),(36,'https://res.cloudinary.com/drlroexjl/image/upload/v1680705138/83140749_031_g_cxujlf.webp',9),(37,'https://res.cloudinary.com/drlroexjl/image/upload/v1680705226/81041956_011_d_jl3ip6.webp',10),(38,'https://res.cloudinary.com/drlroexjl/image/upload/v1680705234/81041956_011_b_pvyryr.webp',10),(39,'https://res.cloudinary.com/drlroexjl/image/upload/v1680705240/81041956_011_e_d93qy6.webp',10),(40,'https://res.cloudinary.com/drlroexjl/image/upload/v1680705247/81041956_011_f_vgihia.webp',10),(41,'https://res.cloudinary.com/drlroexjl/image/upload/v1680705416/68413962_012_b_ue4qnn.webp',11),(42,'https://res.cloudinary.com/drlroexjl/image/upload/v1680705421/68413962_012_d_rgb4qb.webp',11),(43,'https://res.cloudinary.com/drlroexjl/image/upload/v1680705427/68413962_012_e_u0jhkk.webp',11),(44,'https://res.cloudinary.com/drlroexjl/image/upload/v1680705434/68413962_012_f_y4ziya.webp',11),(45,'https://res.cloudinary.com/drlroexjl/image/upload/v1680705510/80993843_106_b_cmnnw6.webp',12),(46,'https://res.cloudinary.com/drlroexjl/image/upload/v1680705521/80993843_106_d_elcq9r.webp',12),(47,'https://res.cloudinary.com/drlroexjl/image/upload/v1680705525/80993843_106_e_grmgyq.webp',12),(48,'https://res.cloudinary.com/drlroexjl/image/upload/v1680705530/80993843_106_f_edahmo.webp',12),(49,'https://res.cloudinary.com/drlroexjl/image/upload/v1680705615/79091062_107_b_jfjkmf.webp',13),(50,'https://res.cloudinary.com/drlroexjl/image/upload/v1680705621/79091062_107_d_fnol7q.webp',13),(51,'https://res.cloudinary.com/drlroexjl/image/upload/v1680705627/79091062_107_e_uw4yt8.webp',13),(52,'https://res.cloudinary.com/drlroexjl/image/upload/v1680705632/79091062_107_f_primbh.webp',13),(53,'https://res.cloudinary.com/drlroexjl/image/upload/v1680705818/80865280_001_b_kfan9h.webp',14),(54,'https://res.cloudinary.com/drlroexjl/image/upload/v1680705823/80865280_001_d_p83k8h.webp',14),(55,'https://res.cloudinary.com/drlroexjl/image/upload/v1680705829/80865280_001_e_jqyrc2.webp',14),(56,'https://res.cloudinary.com/drlroexjl/image/upload/v1680705835/80865280_001_f_zgynak.webp',14),(57,'https://res.cloudinary.com/drlroexjl/image/upload/v1680705958/79978565_001_b_q0jo3j.webp',15),(58,'https://res.cloudinary.com/drlroexjl/image/upload/v1680705964/79978565_001_d_tzrcon.webp',15),(59,'https://res.cloudinary.com/drlroexjl/image/upload/v1680705971/79978565_001_e_zuf9ht.webp',15),(60,'https://res.cloudinary.com/drlroexjl/image/upload/v1680705978/79978565_001_g_d1hz0w.webp',15),(61,'https://res.cloudinary.com/drlroexjl/image/upload/v1680706090/79727277_054_b_upqujt.webp',16),(62,'https://res.cloudinary.com/drlroexjl/image/upload/v1680706096/79727277_054_d_amkjdy.webp',16),(63,'https://res.cloudinary.com/drlroexjl/image/upload/v1680706101/79727277_054_e_czd1ge.webp',16),(64,'https://res.cloudinary.com/drlroexjl/image/upload/v1680706105/79727277_054_f_rakfhd.webp',16),(65,'https://res.cloudinary.com/drlroexjl/image/upload/v1680706203/81419822_001_b_hvgj54.webp',17),(66,'https://res.cloudinary.com/drlroexjl/image/upload/v1680706209/81419822_001_d_sdpv19.webp',17),(67,'https://res.cloudinary.com/drlroexjl/image/upload/v1680706214/81419822_001_e_tzlnuo.webp',17),(68,'https://res.cloudinary.com/drlroexjl/image/upload/v1680706218/81419822_001_f_bcd9zn.webp',17),(69,'https://res.cloudinary.com/drlroexjl/image/upload/v1680706321/81844144_040_b_xsleug.webp',18),(70,'https://res.cloudinary.com/drlroexjl/image/upload/v1680706326/81844144_040_d_ldar6h.webp',18),(71,'https://res.cloudinary.com/drlroexjl/image/upload/v1680706331/81844144_040_e_ntz0h7.webp',18),(72,'https://res.cloudinary.com/drlroexjl/image/upload/v1680706335/81844144_040_f_dtc2hv.webp',18),(73,'https://res.cloudinary.com/drlroexjl/image/upload/v1680706565/76130350_083_b_gqomij.webp',19),(74,'https://res.cloudinary.com/drlroexjl/image/upload/v1680706570/76130350_083_d_wowz5h.webp',19),(75,'https://res.cloudinary.com/drlroexjl/image/upload/v1680706575/76130350_083_e_lb3edt.webp',19),(76,'https://res.cloudinary.com/drlroexjl/image/upload/v1680706581/76130350_083_f_qhdckk.webp',19),(77,'https://res.cloudinary.com/drlroexjl/image/upload/v1680706874/fashionstore/66047960_432_b_g3rxzr.webp',20),(78,'https://res.cloudinary.com/drlroexjl/image/upload/v1680706884/fashionstore/66047960_432_d_mkqasb.webp',20),(79,'https://res.cloudinary.com/drlroexjl/image/upload/v1680706889/fashionstore/66047960_432_e_pzhseu.webp',20),(80,'https://res.cloudinary.com/drlroexjl/image/upload/v1680706899/fashionstore/66047960_432_f_ydq27g.webp',20),(81,'https://res.cloudinary.com/drlroexjl/image/upload/v1680707303/fashionstore/78786068_001_b_sliqhq.webp',21),(82,'https://res.cloudinary.com/drlroexjl/image/upload/v1680707310/fashionstore/78786068_001_d_wnv3lw.webp',21),(83,'https://res.cloudinary.com/drlroexjl/image/upload/v1680707320/fashionstore/78786068_001_e_sayrtp.webp',21),(84,'https://res.cloudinary.com/drlroexjl/image/upload/v1680707324/fashionstore/78786068_001_f_hkp4o4.webp',21),(85,'https://res.cloudinary.com/drlroexjl/image/upload/v1680707382/fashionstore/53378626_001_b_x9wdwg.webp',22),(86,'https://res.cloudinary.com/drlroexjl/image/upload/v1680707389/fashionstore/53378626_001_d_tbrufa.webp',22),(87,'https://res.cloudinary.com/drlroexjl/image/upload/v1680707395/fashionstore/53378626_001_e_r0zdzt.webp',22),(88,'https://res.cloudinary.com/drlroexjl/image/upload/v1680707401/fashionstore/53378626_001_g_l8rr9l.webp',22),(89,'https://res.cloudinary.com/drlroexjl/image/upload/v1680707460/fashionstore/78890258_013_b_dgt665.webp',23),(90,'https://res.cloudinary.com/drlroexjl/image/upload/v1680707464/fashionstore/78890258_013_d_ib7lri.webp',23),(91,'https://res.cloudinary.com/drlroexjl/image/upload/v1680707469/fashionstore/78890258_013_e_szsryo.webp',23),(92,'https://res.cloudinary.com/drlroexjl/image/upload/v1680707473/fashionstore/78890258_013_f_ixtwjw.webp',23),(93,'https://res.cloudinary.com/drlroexjl/image/upload/v1680707528/fashionstore/79287058_039_b_d1c61y.webp',24),(94,'https://res.cloudinary.com/drlroexjl/image/upload/v1680707537/fashionstore/79287058_039_d_k9ydkn.webp',24),(95,'https://res.cloudinary.com/drlroexjl/image/upload/v1680707541/fashionstore/79287058_039_e_ggcmf6.webp',24),(96,'https://res.cloudinary.com/drlroexjl/image/upload/v1680707546/fashionstore/79287058_039_f_oobnzi.webp',24),(97,'https://res.cloudinary.com/drlroexjl/image/upload/v1680707604/fashionstore/78590411_004_b_f9ciow.webp',25),(98,'https://res.cloudinary.com/drlroexjl/image/upload/v1680707609/fashionstore/78590411_004_d_f2ujnh.webp',25),(99,'https://res.cloudinary.com/drlroexjl/image/upload/v1680707615/fashionstore/78590411_004_e_spuzl3.webp',25),(100,'https://res.cloudinary.com/drlroexjl/image/upload/v1680707620/fashionstore/78590411_004_f_hxjfyn.webp',25),(101,'https://res.cloudinary.com/drlroexjl/image/upload/v1680707713/fashionstore/79139705_029_b_zbieok.webp',26),(102,'https://res.cloudinary.com/drlroexjl/image/upload/v1680707719/fashionstore/79139705_029_d_pzxftg.webp',26),(103,'https://res.cloudinary.com/drlroexjl/image/upload/v1680707724/fashionstore/79139705_029_e_yvhjq3.webp',26),(104,'https://res.cloudinary.com/drlroexjl/image/upload/v1680707727/fashionstore/79139705_029_f_vmtphw.webp',26),(105,'https://res.cloudinary.com/drlroexjl/image/upload/v1680707823/fashionstore/79489613_037_b_iq0gr0.webp',27),(106,'https://res.cloudinary.com/drlroexjl/image/upload/v1680707829/fashionstore/79489613_037_d_cldhsd.webp',27),(107,'https://res.cloudinary.com/drlroexjl/image/upload/v1680707834/fashionstore/79489613_037_e_cl1jno.webp',27),(108,'https://res.cloudinary.com/drlroexjl/image/upload/v1680707839/fashionstore/79489613_037_f_ifty61.webp',27),(109,'https://res.cloudinary.com/drlroexjl/image/upload/v1680708007/fashionstore/68333103_021_e_pmogdy.webp',28),(110,'https://res.cloudinary.com/drlroexjl/image/upload/v1680708011/fashionstore/68333103_021_b_warqfb.webp',28),(111,'https://res.cloudinary.com/drlroexjl/image/upload/v1680708019/fashionstore/68333103_021_d_orpkml.webp',28),(112,'https://res.cloudinary.com/drlroexjl/image/upload/v1680708026/fashionstore/68333103_021_f_r9vn9f.webp',28),(113,'https://res.cloudinary.com/drlroexjl/image/upload/v1680708149/fashionstore/64185531_037_b_hehczh.webp',29),(114,'https://res.cloudinary.com/drlroexjl/image/upload/v1680708160/fashionstore/64185531_037_d_vagkyo.webp',29),(115,'https://res.cloudinary.com/drlroexjl/image/upload/v1680708165/fashionstore/64185531_037_e_ot4ksk.webp',29),(116,'https://res.cloudinary.com/drlroexjl/image/upload/v1680708171/fashionstore/64185531_037_f_lnaqqk.webp',29),(117,'https://res.cloudinary.com/drlroexjl/image/upload/v1680708377/fashionstore/58422767_074_b_imq0ku.webp',30),(118,'https://res.cloudinary.com/drlroexjl/image/upload/v1680708384/fashionstore/58422767_074_d_ie7hik.webp',30),(119,'https://res.cloudinary.com/drlroexjl/image/upload/v1680708393/fashionstore/58422767_074_e_gil6g6.webp',30),(120,'https://res.cloudinary.com/drlroexjl/image/upload/v1680708500/fashionstore/78617487_001_b_hezfvd.webp',31),(121,'https://res.cloudinary.com/drlroexjl/image/upload/v1680708505/fashionstore/78617487_001_d_ajy3kw.webp',31),(122,'https://res.cloudinary.com/drlroexjl/image/upload/v1680708510/fashionstore/78617487_001_e_xaf7ui.webp',31),(123,'https://res.cloudinary.com/drlroexjl/image/upload/v1680708603/fashionstore/80203110_050_b_geyiou.webp',32),(124,'https://res.cloudinary.com/drlroexjl/image/upload/v1680708610/fashionstore/80203110_050_b_lvvmrc.webp',32),(125,'https://res.cloudinary.com/drlroexjl/image/upload/v1680708616/fashionstore/80203110_050_e_fyvng4.webp',32),(126,'https://res.cloudinary.com/drlroexjl/image/upload/v1680708622/fashionstore/80203110_050_f_lzedqm.webp',32),(127,'https://res.cloudinary.com/drlroexjl/image/upload/v1680708708/fashionstore/78626413_016_b_fmcrrm.webp',33),(128,'https://res.cloudinary.com/drlroexjl/image/upload/v1680708714/fashionstore/78626413_016_d_mkyjxw.webp',33),(129,'https://res.cloudinary.com/drlroexjl/image/upload/v1680708724/fashionstore/78626413_016_e_ozgw0x.webp',33),(130,'https://res.cloudinary.com/drlroexjl/image/upload/v1680708731/fashionstore/78626413_016_f_qbv8fu.webp',33),(131,'https://res.cloudinary.com/drlroexjl/image/upload/v1680708880/fashionstore/80152333_080_b_pflgch.webp',34),(132,'https://res.cloudinary.com/drlroexjl/image/upload/v1680708890/fashionstore/80152333_080_d_uetkxn.webp',34),(133,'https://res.cloudinary.com/drlroexjl/image/upload/v1680708895/fashionstore/80152333_080_e_xzhr1r.webp',34),(134,'https://res.cloudinary.com/drlroexjl/image/upload/v1680708901/fashionstore/80152333_080_f_lr063s.webp',34),(135,'https://res.cloudinary.com/drlroexjl/image/upload/v1680708969/fashionstore/80147598_095_b_kkhcax.webp',35),(136,'https://res.cloudinary.com/drlroexjl/image/upload/v1680708973/fashionstore/80147598_095_d_tm7o71.webp',35),(137,'https://res.cloudinary.com/drlroexjl/image/upload/v1680708980/fashionstore/80147598_095_e_gsy5d5.webp',35),(138,'https://res.cloudinary.com/drlroexjl/image/upload/v1680708982/fashionstore/80147598_095_f_mzhf9p.webp',35),(139,'https://res.cloudinary.com/drlroexjl/image/upload/v1680709071/fashionstore/80823636_041_b_ba7rde.webp',36),(140,'https://res.cloudinary.com/drlroexjl/image/upload/v1680709076/fashionstore/80823636_041_d_n4psfu.webp',36),(141,'https://res.cloudinary.com/drlroexjl/image/upload/v1680709081/fashionstore/80823636_041_e_mwi6ms.webp',36),(142,'https://res.cloudinary.com/drlroexjl/image/upload/v1680709086/fashionstore/80823636_041_f_p6b1b1.webp',36),(143,'https://res.cloudinary.com/drlroexjl/image/upload/v1680709168/fashionstore/79491718_045_b_fhckrw.webp',37),(144,'https://res.cloudinary.com/drlroexjl/image/upload/v1680709173/fashionstore/79491718_045_d_z3kxl3.webp',37),(145,'https://res.cloudinary.com/drlroexjl/image/upload/v1680709200/fashionstore/79491718_045_e_gigbi3.webp',37),(146,'https://res.cloudinary.com/drlroexjl/image/upload/v1680709183/fashionstore/79491718_045_f_ta7qre.webp',37),(147,'https://res.cloudinary.com/drlroexjl/image/upload/v1680709342/fashionstore/82745787_070_b_vjtdxl.webp',38),(148,'https://res.cloudinary.com/drlroexjl/image/upload/v1680709347/fashionstore/82745787_070_d_odtshr.webp',38),(149,'https://res.cloudinary.com/drlroexjl/image/upload/v1680709355/fashionstore/82745787_070_e_mfcern.webp',38),(150,'https://res.cloudinary.com/drlroexjl/image/upload/v1680709419/fashionstore/81017352_007_b_ymnqnw.webp',39),(151,'https://res.cloudinary.com/drlroexjl/image/upload/v1680709425/fashionstore/81017352_007_d_mxj6jm.webp',39),(152,'https://res.cloudinary.com/drlroexjl/image/upload/v1680709430/fashionstore/81017352_007_e_vysu4t.webp',39),(153,'https://res.cloudinary.com/drlroexjl/image/upload/v1680709435/fashionstore/81017352_007_f_nndhdo.webp',39),(154,'https://res.cloudinary.com/drlroexjl/image/upload/v1680709484/fashionstore/83031443_001_b_putrwt.webp',40),(155,'https://res.cloudinary.com/drlroexjl/image/upload/v1680709489/fashionstore/83031443_001_d_fmuoo3.webp',40),(156,'https://res.cloudinary.com/drlroexjl/image/upload/v1680709494/fashionstore/83031443_001_e_fj1pdc.webp',40),(157,'https://res.cloudinary.com/drlroexjl/image/upload/v1680709500/fashionstore/83031443_001_e_lnz9kk.webp',40),(158,'https://res.cloudinary.com/drlroexjl/image/upload/v1680709509/fashionstore/83031443_001_f_oiqkjd.jpg',40),(159,'https://res.cloudinary.com/drlroexjl/image/upload/v1680709607/fashionstore/83031484_027_b_at1eyd.webp',41),(160,'https://res.cloudinary.com/drlroexjl/image/upload/v1680709612/fashionstore/83031484_027_d_kasr8v.webp',41),(161,'https://res.cloudinary.com/drlroexjl/image/upload/v1680709623/fashionstore/83031484_027_e_tvr9fi.webp',41),(162,'https://res.cloudinary.com/drlroexjl/image/upload/v1680709629/fashionstore/83031484_027_f_jhyktd.webp',41),(163,'https://res.cloudinary.com/drlroexjl/image/upload/v1680709695/fashionstore/82875949_270_b_gonebt.webp',42),(164,'https://res.cloudinary.com/drlroexjl/image/upload/v1680709699/fashionstore/82875949_270_d_zbrm0x.webp',42),(165,'https://res.cloudinary.com/drlroexjl/image/upload/v1680709705/fashionstore/82875949_270_e_hfhmzr.webp',42),(166,'https://res.cloudinary.com/drlroexjl/image/upload/v1680709787/fashionstore/82876129_001_b_p91nw4.webp',43),(167,'https://res.cloudinary.com/drlroexjl/image/upload/v1680709793/fashionstore/82876129_001_d_rdddqt.webp',43),(168,'https://res.cloudinary.com/drlroexjl/image/upload/v1680709797/fashionstore/82876129_001_e_j2vkic.webp',43),(169,'https://res.cloudinary.com/drlroexjl/image/upload/v1680709807/fashionstore/82876129_001_f_g6z3cc.webp',43),(170,'https://res.cloudinary.com/drlroexjl/image/upload/v1680709891/fashionstore/82568999_012_b_n8fg8z.webp',44),(171,'https://res.cloudinary.com/drlroexjl/image/upload/v1680709900/fashionstore/82568999_012_d_iqqob5.webp',44),(172,'https://res.cloudinary.com/drlroexjl/image/upload/v1680709909/fashionstore/82568999_012_e_zb0c5y.webp',44),(173,'https://res.cloudinary.com/drlroexjl/image/upload/v1680709913/fashionstore/82568999_012_f_ui5bzn.webp',44),(174,'https://res.cloudinary.com/drlroexjl/image/upload/v1680709971/fashionstore/82930504_060_b_mfox1w.webp',45),(175,'https://res.cloudinary.com/drlroexjl/image/upload/v1680709985/fashionstore/82930504_060_d_gb4kd3.webp',45),(176,'https://res.cloudinary.com/drlroexjl/image/upload/v1680709991/fashionstore/82930504_060_e_z8t1rl.webp',45),(177,'https://res.cloudinary.com/drlroexjl/image/upload/v1680710043/fashionstore/81186041_086_b_t9wkhe.webp',46),(178,'https://res.cloudinary.com/drlroexjl/image/upload/v1680710048/fashionstore/81186041_086_d_tsxufl.webp',46),(179,'https://res.cloudinary.com/drlroexjl/image/upload/v1680710052/fashionstore/81186041_086_e_mubla0.webp',46),(180,'https://res.cloudinary.com/drlroexjl/image/upload/v1680710058/fashionstore/81186041_086_f_imdkd1.webp',46);
/*!40000 ALTER TABLE `product_image` ENABLE KEYS */;
UNLOCK TABLES;

--
-- Table structure for table `size`
--

DROP TABLE IF EXISTS `size`;
/*!40101 SET @saved_cs_client     = @@character_set_client */;
/*!50503 SET character_set_client = utf8mb4 */;
CREATE TABLE `size` (
  `id` int NOT NULL AUTO_INCREMENT,
  `str_size` varchar(45) CHARACTER SET utf8mb3 COLLATE utf8mb3_general_ci DEFAULT NULL,
  PRIMARY KEY (`id`)
) ENGINE=InnoDB AUTO_INCREMENT=17 DEFAULT CHARSET=utf8mb4 COLLATE=utf8mb4_0900_ai_ci;
/*!40101 SET character_set_client = @saved_cs_client */;

--
-- Dumping data for table `size`
--

LOCK TABLES `size` WRITE;
/*!40000 ALTER TABLE `size` DISABLE KEYS */;
INSERT INTO `size` VALUES (1,'S'),(2,'L'),(3,'XL'),(10,'38'),(11,'39'),(12,'40'),(13,'41'),(14,'42'),(15,'43'),(16,'N');
/*!40000 ALTER TABLE `size` ENABLE KEYS */;
UNLOCK TABLES;

--
-- Table structure for table `user`
--

DROP TABLE IF EXISTS `user`;
/*!40101 SET @saved_cs_client     = @@character_set_client */;
/*!50503 SET character_set_client = utf8mb4 */;
CREATE TABLE `user` (
  `id` varchar(255) NOT NULL,
  `avatar` varchar(1111) CHARACTER SET utf8mb3 COLLATE utf8mb3_general_ci DEFAULT NULL,
  `email` varchar(1111) CHARACTER SET utf8mb3 COLLATE utf8mb3_general_ci DEFAULT NULL,
  `login_type` varchar(1111) CHARACTER SET utf8mb3 COLLATE utf8mb3_general_ci DEFAULT NULL,
  `password` varchar(1111) CHARACTER SET utf8mb3 COLLATE utf8mb3_general_ci DEFAULT NULL,
  `phone_number` varchar(1111) CHARACTER SET utf8mb3 COLLATE utf8mb3_general_ci DEFAULT NULL,
  `role` varchar(1111) CHARACTER SET utf8mb3 COLLATE utf8mb3_general_ci DEFAULT NULL,
  `user_name` varchar(1111) CHARACTER SET utf8mb3 COLLATE utf8mb3_general_ci DEFAULT NULL,
  PRIMARY KEY (`id`)
) ENGINE=InnoDB DEFAULT CHARSET=utf8mb4 COLLATE=utf8mb4_0900_ai_ci;
/*!40101 SET character_set_client = @saved_cs_client */;

--
-- Dumping data for table `user`
--

LOCK TABLES `user` WRITE;
/*!40000 ALTER TABLE `user` DISABLE KEYS */;
INSERT INTO `user` VALUES ('admin','https://haycafe.vn/wp-content/uploads/2022/02/Avatar-trang-den.png','khanhvanchi69@gmail.com','default','MQ==','0932456789','admin','Văn Chí Khanh'),('khanhvc','https://haycafe.vn/wp-content/uploads/2022/02/Avatar-trang-den.png','khanhvanchi69@gmail.com','default','MQ==','0931876293','user','Văn Chí Khanh'),('quanghuy','https://haycafe.vn/wp-content/uploads/2022/02/Avatar-trang-den.png','voquanghuy08102000@gmail.com','default','MTIzNDU2',NULL,'user','Võ Quang Huy');
/*!40000 ALTER TABLE `user` ENABLE KEYS */;
UNLOCK TABLES;
/*!40103 SET TIME_ZONE=@OLD_TIME_ZONE */;

/*!40101 SET SQL_MODE=@OLD_SQL_MODE */;
/*!40014 SET FOREIGN_KEY_CHECKS=@OLD_FOREIGN_KEY_CHECKS */;
/*!40014 SET UNIQUE_CHECKS=@OLD_UNIQUE_CHECKS */;
/*!40101 SET CHARACTER_SET_CLIENT=@OLD_CHARACTER_SET_CLIENT */;
/*!40101 SET CHARACTER_SET_RESULTS=@OLD_CHARACTER_SET_RESULTS */;
/*!40101 SET COLLATION_CONNECTION=@OLD_COLLATION_CONNECTION */;
/*!40111 SET SQL_NOTES=@OLD_SQL_NOTES */;

-- Dump completed on 2023-11-11  2:51:18
